ISO-10303-21;
HEADER;
/* Generated by software containing ST-Developer
 * from STEP Tools, Inc. (www.steptools.com) 
 */
/* OPTION: using custom renumber hook */

FILE_DESCRIPTION(
/* description */ ('STEP AP242 Edition 2',
'CAx-IF Rec.Pracs.---Representation and Presentation of Product Manufa
cturing Information (PMI)---4.0---2014-10-13',
'CAx-IF Rec.Pracs.---3D Tessellated Geometry---0.4---2014-09-14','2;1',
'CAx-IF Rec.Pracs.---User Defined Attributes---1.5---2016-08-15'),
/* implementation_level */ '2;1');

FILE_NAME(
/* name */ 'chasis - chasis',
/* time_stamp */ '2026-09-16T14:31:32Z',
/* author */ (''),
/* organization */ (''),
/* preprocessor_version */ 'ST-DEVELOPER v20',
/* originating_system */ 'ONSHAPE BY PTC INC, 1.220',
/* authorisation */ '  ');

FILE_SCHEMA (('AP242_MANAGED_MODEL_BASED_3D_ENGINEERING_MIM_LF { 1 0 10303 442 3 1 4 }'));
ENDSEC;

DATA;
#10=SHAPE_REPRESENTATION_RELATIONSHIP('','',#3108,#11);
#11=ADVANCED_BREP_SHAPE_REPRESENTATION('',(#3106),#5115);
#12=B_SPLINE_CURVE_WITH_KNOTS('',3,(#4750,#4751,#4752,#4753,#4754),
 .UNSPECIFIED.,.F.,.F.,(4,1,4),(3.70537096895902E-18,0.00229229733127369,
0.00458459466254738),.UNSPECIFIED.);
#13=B_SPLINE_CURVE_WITH_KNOTS('',3,(#4758,#4759,#4760,#4761,#4762),
 .UNSPECIFIED.,.F.,.F.,(4,1,4),(0.,0.00228723544804406,0.00457447089608812),
 .UNSPECIFIED.);
#14=B_SPLINE_CURVE_WITH_KNOTS('',3,(#4850,#4851,#4852,#4853,#4854),
 .UNSPECIFIED.,.F.,.F.,(4,1,4),(0.,0.00228723544804406,0.00457447089608812),
 .UNSPECIFIED.);
#15=B_SPLINE_CURVE_WITH_KNOTS('',3,(#4858,#4859,#4860,#4861,#4862),
 .UNSPECIFIED.,.F.,.F.,(4,1,4),(3.70537096895902E-18,0.00229229733127369,
0.00458459466254738),.UNSPECIFIED.);
#16=CYLINDRICAL_SURFACE('',#3145,0.0013);
#17=CYLINDRICAL_SURFACE('',#3148,0.0013);
#18=CYLINDRICAL_SURFACE('',#3149,0.0013);
#19=CYLINDRICAL_SURFACE('',#3150,0.0013);
#20=CYLINDRICAL_SURFACE('',#3209,0.0332479903711688);
#21=CYLINDRICAL_SURFACE('',#3210,0.0312479903711688);
#22=CYLINDRICAL_SURFACE('',#3213,0.0038);
#23=CYLINDRICAL_SURFACE('',#3227,0.0025);
#24=CYLINDRICAL_SURFACE('',#3228,0.00085);
#25=CYLINDRICAL_SURFACE('',#3232,0.0332479903711688);
#26=CYLINDRICAL_SURFACE('',#3233,0.0312479903711688);
#27=CYLINDRICAL_SURFACE('',#3236,0.0038);
#28=CYLINDRICAL_SURFACE('',#3243,0.0025);
#29=CYLINDRICAL_SURFACE('',#3244,0.00085);
#30=CYLINDRICAL_SURFACE('',#3248,0.0015);
#31=CYLINDRICAL_SURFACE('',#3254,0.003);
#32=CYLINDRICAL_SURFACE('',#3257,0.0014);
#33=CYLINDRICAL_SURFACE('',#3265,0.003);
#34=CYLINDRICAL_SURFACE('',#3268,0.0014);
#35=CYLINDRICAL_SURFACE('',#3289,0.00225000000000008);
#36=CYLINDRICAL_SURFACE('',#3292,0.00225000000000008);
#37=CYLINDRICAL_SURFACE('',#3297,0.0027);
#38=CYLINDRICAL_SURFACE('',#3303,0.00085);
#39=CYLINDRICAL_SURFACE('',#3310,0.0027);
#40=CYLINDRICAL_SURFACE('',#3314,0.00085);
#41=CYLINDRICAL_SURFACE('',#3319,0.0027);
#42=CYLINDRICAL_SURFACE('',#3320,0.0027);
#43=CYLINDRICAL_SURFACE('',#3326,0.00085);
#44=CYLINDRICAL_SURFACE('',#3327,0.00085);
#45=CYLINDRICAL_SURFACE('',#3340,0.00245);
#46=CYLINDRICAL_SURFACE('',#3343,0.00085);
#47=CYLINDRICAL_SURFACE('',#3346,0.00245);
#48=CYLINDRICAL_SURFACE('',#3349,0.00085);
#49=CYLINDRICAL_SURFACE('',#3353,0.0038);
#50=CYLINDRICAL_SURFACE('',#3354,0.03);
#51=CYLINDRICAL_SURFACE('',#3355,0.0038);
#52=CYLINDRICAL_SURFACE('',#3356,0.03);
#53=CYLINDRICAL_SURFACE('',#3357,0.0008);
#54=CYLINDRICAL_SURFACE('',#3360,0.0008);
#55=CYLINDRICAL_SURFACE('',#3363,0.0008);
#56=ELLIPSE('',#3139,0.00384822361203962,0.00245);
#57=ELLIPSE('',#3140,0.00384822361203962,0.00245);
#58=ELLIPSE('',#3171,0.00532991146964192,0.0027);
#59=ELLIPSE('',#3175,0.00532991146964193,0.0027);
#60=ELLIPSE('',#3204,0.00532991146964193,0.0027);
#61=ELLIPSE('',#3249,0.00173173050228504,0.0015);
#62=ELLIPSE('',#3259,0.00174687067056344,0.0014);
#63=ELLIPSE('',#3269,0.00174687067056344,0.0014);
#64=ELLIPSE('',#3307,0.00532991146964192,0.0027);
#65=ELLIPSE('',#3358,0.000800025446215799,0.0008);
#66=ELLIPSE('',#3361,0.000800025446215801,0.0008);
#67=ELLIPSE('',#3364,0.000800025446215801,0.0008);
#68=LINE('',#4220,#402);
#69=LINE('',#4223,#403);
#70=LINE('',#4225,#404);
#71=LINE('',#4227,#405);
#72=LINE('',#4229,#406);
#73=LINE('',#4231,#407);
#74=LINE('',#4233,#408);
#75=LINE('',#4235,#409);
#76=LINE('',#4237,#410);
#77=LINE('',#4239,#411);
#78=LINE('',#4250,#412);
#79=LINE('',#4252,#413);
#80=LINE('',#4256,#414);
#81=LINE('',#4262,#415);
#82=LINE('',#4269,#416);
#83=LINE('',#4273,#417);
#84=LINE('',#4275,#418);
#85=LINE('',#4277,#419);
#86=LINE('',#4288,#420);
#87=LINE('',#4292,#421);
#88=LINE('',#4294,#422);
#89=LINE('',#4305,#423);
#90=LINE('',#4309,#424);
#91=LINE('',#4311,#425);
#92=LINE('',#4313,#426);
#93=LINE('',#4317,#427);
#94=LINE('',#4322,#428);
#95=LINE('',#4326,#429);
#96=LINE('',#4328,#430);
#97=LINE('',#4330,#431);
#98=LINE('',#4332,#432);
#99=LINE('',#4334,#433);
#100=LINE('',#4336,#434);
#101=LINE('',#4339,#435);
#102=LINE('',#4341,#436);
#103=LINE('',#4342,#437);
#104=LINE('',#4344,#438);
#105=LINE('',#4346,#439);
#106=LINE('',#4348,#440);
#107=LINE('',#4350,#441);
#108=LINE('',#4352,#442);
#109=LINE('',#4354,#443);
#110=LINE('',#4358,#444);
#111=LINE('',#4360,#445);
#112=LINE('',#4362,#446);
#113=LINE('',#4364,#447);
#114=LINE('',#4366,#448);
#115=LINE('',#4370,#449);
#116=LINE('',#4372,#450);
#117=LINE('',#4374,#451);
#118=LINE('',#4376,#452);
#119=LINE('',#4378,#453);
#120=LINE('',#4380,#454);
#121=LINE('',#4382,#455);
#122=LINE('',#4396,#456);
#123=LINE('',#4399,#457);
#124=LINE('',#4401,#458);
#125=LINE('',#4403,#459);
#126=LINE('',#4405,#460);
#127=LINE('',#4408,#461);
#128=LINE('',#4410,#462);
#129=LINE('',#4412,#463);
#130=LINE('',#4414,#464);
#131=LINE('',#4417,#465);
#132=LINE('',#4419,#466);
#133=LINE('',#4421,#467);
#134=LINE('',#4423,#468);
#135=LINE('',#4426,#469);
#136=LINE('',#4428,#470);
#137=LINE('',#4430,#471);
#138=LINE('',#4432,#472);
#139=LINE('',#4433,#473);
#140=LINE('',#4435,#474);
#141=LINE('',#4436,#475);
#142=LINE('',#4438,#476);
#143=LINE('',#4439,#477);
#144=LINE('',#4445,#478);
#145=LINE('',#4448,#479);
#146=LINE('',#4450,#480);
#147=LINE('',#4452,#481);
#148=LINE('',#4454,#482);
#149=LINE('',#4456,#483);
#150=LINE('',#4458,#484);
#151=LINE('',#4462,#485);
#152=LINE('',#4464,#486);
#153=LINE('',#4466,#487);
#154=LINE('',#4470,#488);
#155=LINE('',#4472,#489);
#156=LINE('',#4474,#490);
#157=LINE('',#4478,#491);
#158=LINE('',#4480,#492);
#159=LINE('',#4482,#493);
#160=LINE('',#4486,#494);
#161=LINE('',#4488,#495);
#162=LINE('',#4494,#496);
#163=LINE('',#4496,#497);
#164=LINE('',#4498,#498);
#165=LINE('',#4499,#499);
#166=LINE('',#4501,#500);
#167=LINE('',#4503,#501);
#168=LINE('',#4505,#502);
#169=LINE('',#4507,#503);
#170=LINE('',#4508,#504);
#171=LINE('',#4511,#505);
#172=LINE('',#4513,#506);
#173=LINE('',#4515,#507);
#174=LINE('',#4519,#508);
#175=LINE('',#4521,#509);
#176=LINE('',#4524,#510);
#177=LINE('',#4526,#511);
#178=LINE('',#4528,#512);
#179=LINE('',#4530,#513);
#180=LINE('',#4531,#514);
#181=LINE('',#4533,#515);
#182=LINE('',#4535,#516);
#183=LINE('',#4538,#517);
#184=LINE('',#4539,#518);
#185=LINE('',#4543,#519);
#186=LINE('',#4545,#520);
#187=LINE('',#4547,#521);
#188=LINE('',#4549,#522);
#189=LINE('',#4551,#523);
#190=LINE('',#4553,#524);
#191=LINE('',#4556,#525);
#192=LINE('',#4558,#526);
#193=LINE('',#4562,#527);
#194=LINE('',#4564,#528);
#195=LINE('',#4566,#529);
#196=LINE('',#4568,#530);
#197=LINE('',#4572,#531);
#198=LINE('',#4574,#532);
#199=LINE('',#4576,#533);
#200=LINE('',#4578,#534);
#201=LINE('',#4580,#535);
#202=LINE('',#4582,#536);
#203=LINE('',#4584,#537);
#204=LINE('',#4586,#538);
#205=LINE('',#4587,#539);
#206=LINE('',#4589,#540);
#207=LINE('',#4591,#541);
#208=LINE('',#4593,#542);
#209=LINE('',#4595,#543);
#210=LINE('',#4597,#544);
#211=LINE('',#4599,#545);
#212=LINE('',#4601,#546);
#213=LINE('',#4603,#547);
#214=LINE('',#4605,#548);
#215=LINE('',#4607,#549);
#216=LINE('',#4608,#550);
#217=LINE('',#4610,#551);
#218=LINE('',#4612,#552);
#219=LINE('',#4613,#553);
#220=LINE('',#4615,#554);
#221=LINE('',#4617,#555);
#222=LINE('',#4622,#556);
#223=LINE('',#4624,#557);
#224=LINE('',#4625,#558);
#225=LINE('',#4626,#559);
#226=LINE('',#4631,#560);
#227=LINE('',#4633,#561);
#228=LINE('',#4635,#562);
#229=LINE('',#4639,#563);
#230=LINE('',#4641,#564);
#231=LINE('',#4642,#565);
#232=LINE('',#4643,#566);
#233=LINE('',#4645,#567);
#234=LINE('',#4647,#568);
#235=LINE('',#4649,#569);
#236=LINE('',#4651,#570);
#237=LINE('',#4653,#571);
#238=LINE('',#4655,#572);
#239=LINE('',#4656,#573);
#240=LINE('',#4657,#574);
#241=LINE('',#4659,#575);
#242=LINE('',#4661,#576);
#243=LINE('',#4663,#577);
#244=LINE('',#4665,#578);
#245=LINE('',#4666,#579);
#246=LINE('',#4668,#580);
#247=LINE('',#4670,#581);
#248=LINE('',#4672,#582);
#249=LINE('',#4674,#583);
#250=LINE('',#4675,#584);
#251=LINE('',#4678,#585);
#252=LINE('',#4680,#586);
#253=LINE('',#4682,#587);
#254=LINE('',#4686,#588);
#255=LINE('',#4688,#589);
#256=LINE('',#4690,#590);
#257=LINE('',#4691,#591);
#258=LINE('',#4692,#592);
#259=LINE('',#4696,#593);
#260=LINE('',#4697,#594);
#261=LINE('',#4705,#595);
#262=LINE('',#4708,#596);
#263=LINE('',#4711,#597);
#264=LINE('',#4712,#598);
#265=LINE('',#4716,#599);
#266=LINE('',#4717,#600);
#267=LINE('',#4718,#601);
#268=LINE('',#4722,#602);
#269=LINE('',#4724,#603);
#270=LINE('',#4726,#604);
#271=LINE('',#4728,#605);
#272=LINE('',#4730,#606);
#273=LINE('',#4731,#607);
#274=LINE('',#4733,#608);
#275=LINE('',#4734,#609);
#276=LINE('',#4736,#610);
#277=LINE('',#4740,#611);
#278=LINE('',#4742,#612);
#279=LINE('',#4745,#613);
#280=LINE('',#4747,#614);
#281=LINE('',#4748,#615);
#282=LINE('',#4756,#616);
#283=LINE('',#4764,#617);
#284=LINE('',#4768,#618);
#285=LINE('',#4770,#619);
#286=LINE('',#4772,#620);
#287=LINE('',#4773,#621);
#288=LINE('',#4775,#622);
#289=LINE('',#4777,#623);
#290=LINE('',#4779,#624);
#291=LINE('',#4781,#625);
#292=LINE('',#4783,#626);
#293=LINE('',#4785,#627);
#294=LINE('',#4786,#628);
#295=LINE('',#4788,#629);
#296=LINE('',#4790,#630);
#297=LINE('',#4791,#631);
#298=LINE('',#4795,#632);
#299=LINE('',#4797,#633);
#300=LINE('',#4798,#634);
#301=LINE('',#4801,#635);
#302=LINE('',#4803,#636);
#303=LINE('',#4805,#637);
#304=LINE('',#4807,#638);
#305=LINE('',#4809,#639);
#306=LINE('',#4811,#640);
#307=LINE('',#4813,#641);
#308=LINE('',#4815,#642);
#309=LINE('',#4816,#643);
#310=LINE('',#4818,#644);
#311=LINE('',#4820,#645);
#312=LINE('',#4821,#646);
#313=LINE('',#4823,#647);
#314=LINE('',#4825,#648);
#315=LINE('',#4826,#649);
#316=LINE('',#4828,#650);
#317=LINE('',#4830,#651);
#318=LINE('',#4831,#652);
#319=LINE('',#4833,#653);
#320=LINE('',#4834,#654);
#321=LINE('',#4837,#655);
#322=LINE('',#4839,#656);
#323=LINE('',#4848,#657);
#324=LINE('',#4856,#658);
#325=LINE('',#4866,#659);
#326=LINE('',#4868,#660);
#327=LINE('',#4870,#661);
#328=LINE('',#4872,#662);
#329=LINE('',#4873,#663);
#330=LINE('',#4875,#664);
#331=LINE('',#4876,#665);
#332=LINE('',#4878,#666);
#333=LINE('',#4880,#667);
#334=LINE('',#4882,#668);
#335=LINE('',#4891,#669);
#336=LINE('',#4893,#670);
#337=LINE('',#4895,#671);
#338=LINE('',#4901,#672);
#339=LINE('',#4904,#673);
#340=LINE('',#4906,#674);
#341=LINE('',#4908,#675);
#342=LINE('',#4909,#676);
#343=LINE('',#4911,#677);
#344=LINE('',#4913,#678);
#345=LINE('',#4915,#679);
#346=LINE('',#4927,#680);
#347=LINE('',#4929,#681);
#348=LINE('',#4930,#682);
#349=LINE('',#4932,#683);
#350=LINE('',#4939,#684);
#351=LINE('',#4941,#685);
#352=LINE('',#4947,#686);
#353=LINE('',#4949,#687);
#354=LINE('',#4950,#688);
#355=LINE('',#4953,#689);
#356=LINE('',#4954,#690);
#357=LINE('',#4959,#691);
#358=LINE('',#4961,#692);
#359=LINE('',#4963,#693);
#360=LINE('',#4965,#694);
#361=LINE('',#4967,#695);
#362=LINE('',#4969,#696);
#363=LINE('',#4971,#697);
#364=LINE('',#4973,#698);
#365=LINE('',#4976,#699);
#366=LINE('',#4978,#700);
#367=LINE('',#4980,#701);
#368=LINE('',#4982,#702);
#369=LINE('',#4984,#703);
#370=LINE('',#4986,#704);
#371=LINE('',#4988,#705);
#372=LINE('',#4990,#706);
#373=LINE('',#4994,#707);
#374=LINE('',#4995,#708);
#375=LINE('',#4999,#709);
#376=LINE('',#5000,#710);
#377=LINE('',#5013,#711);
#378=LINE('',#5015,#712);
#379=LINE('',#5019,#713);
#380=LINE('',#5021,#714);
#381=LINE('',#5023,#715);
#382=LINE('',#5025,#716);
#383=LINE('',#5027,#717);
#384=LINE('',#5029,#718);
#385=LINE('',#5031,#719);
#386=LINE('',#5054,#720);
#387=LINE('',#5056,#721);
#388=LINE('',#5059,#722);
#389=LINE('',#5061,#723);
#390=LINE('',#5064,#724);
#391=LINE('',#5066,#725);
#392=LINE('',#5069,#726);
#393=LINE('',#5071,#727);
#394=LINE('',#5075,#728);
#395=LINE('',#5077,#729);
#396=LINE('',#5083,#730);
#397=LINE('',#5087,#731);
#398=LINE('',#5089,#732);
#399=LINE('',#5094,#733);
#400=LINE('',#5097,#734);
#401=LINE('',#5100,#735);
#402=VECTOR('',#3374,1.);
#403=VECTOR('',#3375,1.);
#404=VECTOR('',#3376,1.);
#405=VECTOR('',#3377,1.);
#406=VECTOR('',#3378,1.);
#407=VECTOR('',#3379,1.);
#408=VECTOR('',#3380,1.);
#409=VECTOR('',#3381,1.);
#410=VECTOR('',#3382,1.);
#411=VECTOR('',#3383,1.);
#412=VECTOR('',#3394,1.);
#413=VECTOR('',#3395,1.);
#414=VECTOR('',#3398,1.);
#415=VECTOR('',#3405,1.);
#416=VECTOR('',#3410,1.);
#417=VECTOR('',#3413,1.);
#418=VECTOR('',#3414,1.);
#419=VECTOR('',#3415,1.);
#420=VECTOR('',#3426,1.);
#421=VECTOR('',#3429,1.);
#422=VECTOR('',#3430,1.);
#423=VECTOR('',#3441,1.);
#424=VECTOR('',#3444,1.);
#425=VECTOR('',#3445,1.);
#426=VECTOR('',#3446,1.);
#427=VECTOR('',#3449,1.);
#428=VECTOR('',#3454,1.);
#429=VECTOR('',#3457,1.);
#430=VECTOR('',#3458,1.);
#431=VECTOR('',#3459,1.);
#432=VECTOR('',#3460,1.);
#433=VECTOR('',#3461,1.);
#434=VECTOR('',#3464,1.);
#435=VECTOR('',#3465,1.);
#436=VECTOR('',#3466,1.);
#437=VECTOR('',#3467,1.);
#438=VECTOR('',#3468,1.);
#439=VECTOR('',#3469,1.);
#440=VECTOR('',#3470,1.);
#441=VECTOR('',#3471,1.);
#442=VECTOR('',#3472,1.);
#443=VECTOR('',#3473,1.);
#444=VECTOR('',#3476,1.);
#445=VECTOR('',#3479,1.);
#446=VECTOR('',#3480,1.);
#447=VECTOR('',#3481,1.);
#448=VECTOR('',#3482,1.);
#449=VECTOR('',#3485,1.);
#450=VECTOR('',#3486,1.);
#451=VECTOR('',#3487,1.);
#452=VECTOR('',#3488,1.);
#453=VECTOR('',#3489,1.);
#454=VECTOR('',#3490,1.);
#455=VECTOR('',#3491,1.);
#456=VECTOR('',#3510,1.);
#457=VECTOR('',#3511,1.);
#458=VECTOR('',#3512,1.);
#459=VECTOR('',#3513,1.);
#460=VECTOR('',#3516,1.);
#461=VECTOR('',#3517,1.);
#462=VECTOR('',#3518,1.);
#463=VECTOR('',#3519,1.);
#464=VECTOR('',#3522,1.);
#465=VECTOR('',#3523,1.);
#466=VECTOR('',#3524,1.);
#467=VECTOR('',#3525,1.);
#468=VECTOR('',#3528,1.);
#469=VECTOR('',#3529,1.);
#470=VECTOR('',#3530,1.);
#471=VECTOR('',#3531,1.);
#472=VECTOR('',#3534,1.);
#473=VECTOR('',#3535,1.);
#474=VECTOR('',#3538,1.);
#475=VECTOR('',#3539,1.);
#476=VECTOR('',#3542,1.);
#477=VECTOR('',#3543,1.);
#478=VECTOR('',#3550,1.);
#479=VECTOR('',#3551,1.);
#480=VECTOR('',#3552,1.);
#481=VECTOR('',#3553,1.);
#482=VECTOR('',#3554,1.);
#483=VECTOR('',#3555,1.);
#484=VECTOR('',#3556,1.);
#485=VECTOR('',#3559,1.);
#486=VECTOR('',#3560,1.);
#487=VECTOR('',#3561,1.);
#488=VECTOR('',#3564,1.);
#489=VECTOR('',#3565,1.);
#490=VECTOR('',#3566,1.);
#491=VECTOR('',#3569,1.);
#492=VECTOR('',#3570,1.);
#493=VECTOR('',#3571,1.);
#494=VECTOR('',#3574,1.);
#495=VECTOR('',#3575,1.);
#496=VECTOR('',#3582,1.);
#497=VECTOR('',#3583,1.);
#498=VECTOR('',#3584,1.);
#499=VECTOR('',#3585,1.);
#500=VECTOR('',#3586,1.);
#501=VECTOR('',#3587,1.);
#502=VECTOR('',#3588,1.);
#503=VECTOR('',#3589,1.);
#504=VECTOR('',#3590,1.);
#505=VECTOR('',#3591,1.);
#506=VECTOR('',#3592,1.);
#507=VECTOR('',#3593,1.);
#508=VECTOR('',#3598,1.);
#509=VECTOR('',#3601,1.);
#510=VECTOR('',#3602,1.);
#511=VECTOR('',#3603,1.);
#512=VECTOR('',#3604,1.);
#513=VECTOR('',#3605,1.);
#514=VECTOR('',#3606,1.);
#515=VECTOR('',#3607,1.);
#516=VECTOR('',#3610,1.);
#517=VECTOR('',#3611,1.);
#518=VECTOR('',#3612,1.);
#519=VECTOR('',#3617,1.);
#520=VECTOR('',#3620,1.);
#521=VECTOR('',#3621,1.);
#522=VECTOR('',#3622,1.);
#523=VECTOR('',#3623,1.);
#524=VECTOR('',#3626,1.);
#525=VECTOR('',#3627,1.);
#526=VECTOR('',#3628,1.);
#527=VECTOR('',#3631,1.);
#528=VECTOR('',#3632,1.);
#529=VECTOR('',#3633,1.);
#530=VECTOR('',#3634,1.);
#531=VECTOR('',#3637,1.);
#532=VECTOR('',#3640,1.);
#533=VECTOR('',#3641,1.);
#534=VECTOR('',#3642,1.);
#535=VECTOR('',#3645,1.);
#536=VECTOR('',#3646,1.);
#537=VECTOR('',#3649,1.);
#538=VECTOR('',#3650,1.);
#539=VECTOR('',#3651,1.);
#540=VECTOR('',#3652,1.);
#541=VECTOR('',#3653,1.);
#542=VECTOR('',#3654,1.);
#543=VECTOR('',#3655,1.);
#544=VECTOR('',#3656,1.);
#545=VECTOR('',#3657,1.);
#546=VECTOR('',#3658,1.);
#547=VECTOR('',#3659,1.);
#548=VECTOR('',#3660,1.);
#549=VECTOR('',#3661,1.);
#550=VECTOR('',#3662,1.);
#551=VECTOR('',#3663,1.);
#552=VECTOR('',#3664,1.);
#553=VECTOR('',#3665,1.);
#554=VECTOR('',#3666,1.);
#555=VECTOR('',#3669,1.);
#556=VECTOR('',#3672,1.);
#557=VECTOR('',#3673,1.);
#558=VECTOR('',#3674,1.);
#559=VECTOR('',#3675,1.);
#560=VECTOR('',#3680,1.);
#561=VECTOR('',#3681,1.);
#562=VECTOR('',#3682,1.);
#563=VECTOR('',#3685,1.);
#564=VECTOR('',#3686,1.);
#565=VECTOR('',#3687,1.);
#566=VECTOR('',#3688,1.);
#567=VECTOR('',#3689,1.);
#568=VECTOR('',#3692,1.);
#569=VECTOR('',#3693,1.);
#570=VECTOR('',#3696,1.);
#571=VECTOR('',#3697,1.);
#572=VECTOR('',#3698,1.);
#573=VECTOR('',#3699,1.);
#574=VECTOR('',#3700,1.);
#575=VECTOR('',#3703,1.);
#576=VECTOR('',#3704,1.);
#577=VECTOR('',#3705,1.);
#578=VECTOR('',#3708,1.);
#579=VECTOR('',#3709,1.);
#580=VECTOR('',#3710,1.);
#581=VECTOR('',#3711,1.);
#582=VECTOR('',#3712,1.);
#583=VECTOR('',#3713,1.);
#584=VECTOR('',#3714,1.);
#585=VECTOR('',#3715,1.);
#586=VECTOR('',#3716,1.);
#587=VECTOR('',#3717,1.);
#588=VECTOR('',#3722,1.);
#589=VECTOR('',#3723,1.);
#590=VECTOR('',#3724,1.);
#591=VECTOR('',#3725,1.);
#592=VECTOR('',#3726,1.);
#593=VECTOR('',#3729,1.);
#594=VECTOR('',#3730,1.);
#595=VECTOR('',#3739,1.);
#596=VECTOR('',#3740,1.);
#597=VECTOR('',#3743,1.);
#598=VECTOR('',#3744,1.);
#599=VECTOR('',#3747,1.);
#600=VECTOR('',#3748,1.);
#601=VECTOR('',#3749,1.);
#602=VECTOR('',#3754,1.);
#603=VECTOR('',#3755,1.);
#604=VECTOR('',#3756,1.);
#605=VECTOR('',#3757,1.);
#606=VECTOR('',#3758,1.);
#607=VECTOR('',#3759,1.);
#608=VECTOR('',#3760,1.);
#609=VECTOR('',#3761,1.);
#610=VECTOR('',#3762,1.);
#611=VECTOR('',#3767,1.);
#612=VECTOR('',#3770,1.);
#613=VECTOR('',#3775,1.);
#614=VECTOR('',#3778,1.);
#615=VECTOR('',#3779,1.);
#616=VECTOR('',#3782,1.);
#617=VECTOR('',#3785,1.);
#618=VECTOR('',#3790,1.);
#619=VECTOR('',#3791,1.);
#620=VECTOR('',#3794,1.);
#621=VECTOR('',#3795,1.);
#622=VECTOR('',#3798,1.);
#623=VECTOR('',#3799,1.);
#624=VECTOR('',#3800,1.);
#625=VECTOR('',#3801,1.);
#626=VECTOR('',#3804,1.);
#627=VECTOR('',#3805,1.);
#628=VECTOR('',#3806,1.);
#629=VECTOR('',#3807,1.);
#630=VECTOR('',#3810,1.);
#631=VECTOR('',#3811,1.);
#632=VECTOR('',#3814,1.);
#633=VECTOR('',#3817,1.);
#634=VECTOR('',#3818,1.);
#635=VECTOR('',#3819,1.);
#636=VECTOR('',#3820,1.);
#637=VECTOR('',#3821,1.);
#638=VECTOR('',#3824,1.);
#639=VECTOR('',#3825,1.);
#640=VECTOR('',#3828,1.);
#641=VECTOR('',#3829,1.);
#642=VECTOR('',#3830,1.);
#643=VECTOR('',#3831,1.);
#644=VECTOR('',#3832,1.);
#645=VECTOR('',#3833,1.);
#646=VECTOR('',#3834,1.);
#647=VECTOR('',#3835,1.);
#648=VECTOR('',#3836,1.);
#649=VECTOR('',#3837,1.);
#650=VECTOR('',#3838,1.);
#651=VECTOR('',#3839,1.);
#652=VECTOR('',#3840,1.);
#653=VECTOR('',#3843,1.);
#654=VECTOR('',#3844,1.);
#655=VECTOR('',#3849,1.);
#656=VECTOR('',#3852,1.);
#657=VECTOR('',#3867,1.);
#658=VECTOR('',#3870,1.);
#659=VECTOR('',#3875,1.);
#660=VECTOR('',#3878,1.);
#661=VECTOR('',#3879,1.);
#662=VECTOR('',#3882,1.);
#663=VECTOR('',#3883,1.);
#664=VECTOR('',#3886,1.);
#665=VECTOR('',#3887,1.);
#666=VECTOR('',#3890,1.);
#667=VECTOR('',#3893,1.);
#668=VECTOR('',#3896,1.);
#669=VECTOR('',#3911,1.);
#670=VECTOR('',#3912,1.);
#671=VECTOR('',#3913,1.);
#672=VECTOR('',#3924,1.);
#673=VECTOR('',#3925,1.);
#674=VECTOR('',#3926,1.);
#675=VECTOR('',#3927,1.);
#676=VECTOR('',#3928,1.);
#677=VECTOR('',#3931,1.);
#678=VECTOR('',#3932,1.);
#679=VECTOR('',#3933,1.);
#680=VECTOR('',#3950,1.);
#681=VECTOR('',#3951,1.);
#682=VECTOR('',#3952,1.);
#683=VECTOR('',#3953,1.);
#684=VECTOR('',#3964,1.);
#685=VECTOR('',#3967,1.);
#686=VECTOR('',#3976,1.);
#687=VECTOR('',#3979,1.);
#688=VECTOR('',#3980,1.);
#689=VECTOR('',#3985,1.);
#690=VECTOR('',#3986,1.);
#691=VECTOR('',#3995,1.);
#692=VECTOR('',#3996,1.);
#693=VECTOR('',#3997,1.);
#694=VECTOR('',#4000,1.);
#695=VECTOR('',#4001,1.);
#696=VECTOR('',#4004,1.);
#697=VECTOR('',#4005,1.);
#698=VECTOR('',#4008,1.);
#699=VECTOR('',#4013,1.);
#700=VECTOR('',#4014,1.);
#701=VECTOR('',#4015,1.);
#702=VECTOR('',#4018,1.);
#703=VECTOR('',#4019,1.);
#704=VECTOR('',#4022,1.);
#705=VECTOR('',#4023,1.);
#706=VECTOR('',#4026,1.);
#707=VECTOR('',#4033,1.);
#708=VECTOR('',#4034,1.);
#709=VECTOR('',#4041,1.);
#710=VECTOR('',#4042,1.);
#711=VECTOR('',#4067,1.);
#712=VECTOR('',#4070,1.);
#713=VECTOR('',#4075,1.);
#714=VECTOR('',#4076,1.);
#715=VECTOR('',#4079,1.);
#716=VECTOR('',#4082,1.);
#717=VECTOR('',#4083,1.);
#718=VECTOR('',#4084,1.);
#719=VECTOR('',#4085,1.);
#720=VECTOR('',#4128,1.);
#721=VECTOR('',#4131,1.);
#722=VECTOR('',#4136,1.);
#723=VECTOR('',#4139,1.);
#724=VECTOR('',#4144,1.);
#725=VECTOR('',#4147,1.);
#726=VECTOR('',#4152,1.);
#727=VECTOR('',#4153,1.);
#728=VECTOR('',#4158,1.);
#729=VECTOR('',#4161,1.);
#730=VECTOR('',#4170,1.);
#731=VECTOR('',#4173,1.);
#732=VECTOR('',#4176,1.);
#733=VECTOR('',#4183,1.);
#734=VECTOR('',#4188,1.);
#735=VECTOR('',#4193,1.);
#736=ORIENTED_EDGE('',*,*,#1596,.F.);
#737=ORIENTED_EDGE('',*,*,#1597,.F.);
#738=ORIENTED_EDGE('',*,*,#1598,.T.);
#739=ORIENTED_EDGE('',*,*,#1599,.T.);
#740=ORIENTED_EDGE('',*,*,#1600,.T.);
#741=ORIENTED_EDGE('',*,*,#1601,.T.);
#742=ORIENTED_EDGE('',*,*,#1602,.T.);
#743=ORIENTED_EDGE('',*,*,#1603,.T.);
#744=ORIENTED_EDGE('',*,*,#1604,.T.);
#745=ORIENTED_EDGE('',*,*,#1605,.T.);
#746=ORIENTED_EDGE('',*,*,#1606,.T.);
#747=ORIENTED_EDGE('',*,*,#1607,.F.);
#748=ORIENTED_EDGE('',*,*,#1608,.T.);
#749=ORIENTED_EDGE('',*,*,#1609,.F.);
#750=ORIENTED_EDGE('',*,*,#1610,.F.);
#751=ORIENTED_EDGE('',*,*,#1611,.F.);
#752=ORIENTED_EDGE('',*,*,#1612,.F.);
#753=ORIENTED_EDGE('',*,*,#1613,.T.);
#754=ORIENTED_EDGE('',*,*,#1614,.T.);
#755=ORIENTED_EDGE('',*,*,#1615,.T.);
#756=ORIENTED_EDGE('',*,*,#1616,.T.);
#757=ORIENTED_EDGE('',*,*,#1617,.F.);
#758=ORIENTED_EDGE('',*,*,#1618,.F.);
#759=ORIENTED_EDGE('',*,*,#1619,.T.);
#760=ORIENTED_EDGE('',*,*,#1620,.F.);
#761=ORIENTED_EDGE('',*,*,#1621,.T.);
#762=ORIENTED_EDGE('',*,*,#1622,.F.);
#763=ORIENTED_EDGE('',*,*,#1623,.F.);
#764=ORIENTED_EDGE('',*,*,#1624,.T.);
#765=ORIENTED_EDGE('',*,*,#1625,.F.);
#766=ORIENTED_EDGE('',*,*,#1626,.F.);
#767=ORIENTED_EDGE('',*,*,#1627,.F.);
#768=ORIENTED_EDGE('',*,*,#1628,.F.);
#769=ORIENTED_EDGE('',*,*,#1629,.T.);
#770=ORIENTED_EDGE('',*,*,#1630,.F.);
#771=ORIENTED_EDGE('',*,*,#1631,.F.);
#772=ORIENTED_EDGE('',*,*,#1632,.F.);
#773=ORIENTED_EDGE('',*,*,#1633,.T.);
#774=ORIENTED_EDGE('',*,*,#1634,.T.);
#775=ORIENTED_EDGE('',*,*,#1635,.F.);
#776=ORIENTED_EDGE('',*,*,#1636,.F.);
#777=ORIENTED_EDGE('',*,*,#1637,.T.);
#778=ORIENTED_EDGE('',*,*,#1638,.T.);
#779=ORIENTED_EDGE('',*,*,#1639,.T.);
#780=ORIENTED_EDGE('',*,*,#1640,.T.);
#781=ORIENTED_EDGE('',*,*,#1641,.F.);
#782=ORIENTED_EDGE('',*,*,#1642,.T.);
#783=ORIENTED_EDGE('',*,*,#1643,.T.);
#784=ORIENTED_EDGE('',*,*,#1644,.F.);
#785=ORIENTED_EDGE('',*,*,#1645,.F.);
#786=ORIENTED_EDGE('',*,*,#1646,.T.);
#787=ORIENTED_EDGE('',*,*,#1647,.T.);
#788=ORIENTED_EDGE('',*,*,#1648,.F.);
#789=ORIENTED_EDGE('',*,*,#1649,.F.);
#790=ORIENTED_EDGE('',*,*,#1650,.F.);
#791=ORIENTED_EDGE('',*,*,#1651,.T.);
#792=ORIENTED_EDGE('',*,*,#1652,.T.);
#793=ORIENTED_EDGE('',*,*,#1653,.F.);
#794=ORIENTED_EDGE('',*,*,#1654,.F.);
#795=ORIENTED_EDGE('',*,*,#1655,.T.);
#796=ORIENTED_EDGE('',*,*,#1651,.F.);
#797=ORIENTED_EDGE('',*,*,#1656,.F.);
#798=ORIENTED_EDGE('',*,*,#1657,.F.);
#799=ORIENTED_EDGE('',*,*,#1658,.T.);
#800=ORIENTED_EDGE('',*,*,#1659,.F.);
#801=ORIENTED_EDGE('',*,*,#1660,.F.);
#802=ORIENTED_EDGE('',*,*,#1661,.F.);
#803=ORIENTED_EDGE('',*,*,#1662,.T.);
#804=ORIENTED_EDGE('',*,*,#1663,.T.);
#805=ORIENTED_EDGE('',*,*,#1664,.F.);
#806=ORIENTED_EDGE('',*,*,#1665,.F.);
#807=ORIENTED_EDGE('',*,*,#1666,.T.);
#808=ORIENTED_EDGE('',*,*,#1667,.T.);
#809=ORIENTED_EDGE('',*,*,#1668,.T.);
#810=ORIENTED_EDGE('',*,*,#1669,.F.);
#811=ORIENTED_EDGE('',*,*,#1670,.F.);
#812=ORIENTED_EDGE('',*,*,#1671,.T.);
#813=ORIENTED_EDGE('',*,*,#1672,.T.);
#814=ORIENTED_EDGE('',*,*,#1673,.T.);
#815=ORIENTED_EDGE('',*,*,#1674,.F.);
#816=ORIENTED_EDGE('',*,*,#1675,.T.);
#817=ORIENTED_EDGE('',*,*,#1676,.T.);
#818=ORIENTED_EDGE('',*,*,#1649,.T.);
#819=ORIENTED_EDGE('',*,*,#1677,.T.);
#820=ORIENTED_EDGE('',*,*,#1678,.F.);
#821=ORIENTED_EDGE('',*,*,#1627,.T.);
#822=ORIENTED_EDGE('',*,*,#1635,.T.);
#823=ORIENTED_EDGE('',*,*,#1609,.T.);
#824=ORIENTED_EDGE('',*,*,#1617,.T.);
#825=ORIENTED_EDGE('',*,*,#1679,.T.);
#826=ORIENTED_EDGE('',*,*,#1680,.T.);
#827=ORIENTED_EDGE('',*,*,#1681,.F.);
#828=ORIENTED_EDGE('',*,*,#1682,.F.);
#829=ORIENTED_EDGE('',*,*,#1683,.T.);
#830=ORIENTED_EDGE('',*,*,#1684,.T.);
#831=ORIENTED_EDGE('',*,*,#1685,.T.);
#832=ORIENTED_EDGE('',*,*,#1686,.T.);
#833=ORIENTED_EDGE('',*,*,#1687,.F.);
#834=ORIENTED_EDGE('',*,*,#1688,.T.);
#835=ORIENTED_EDGE('',*,*,#1689,.F.);
#836=ORIENTED_EDGE('',*,*,#1690,.T.);
#837=ORIENTED_EDGE('',*,*,#1691,.T.);
#838=ORIENTED_EDGE('',*,*,#1692,.F.);
#839=ORIENTED_EDGE('',*,*,#1693,.F.);
#840=ORIENTED_EDGE('',*,*,#1694,.T.);
#841=ORIENTED_EDGE('',*,*,#1695,.T.);
#842=ORIENTED_EDGE('',*,*,#1696,.F.);
#843=ORIENTED_EDGE('',*,*,#1697,.F.);
#844=ORIENTED_EDGE('',*,*,#1598,.F.);
#845=ORIENTED_EDGE('',*,*,#1698,.F.);
#846=ORIENTED_EDGE('',*,*,#1682,.T.);
#847=ORIENTED_EDGE('',*,*,#1699,.F.);
#848=ORIENTED_EDGE('',*,*,#1602,.F.);
#849=ORIENTED_EDGE('',*,*,#1700,.T.);
#850=ORIENTED_EDGE('',*,*,#1687,.T.);
#851=ORIENTED_EDGE('',*,*,#1600,.F.);
#852=ORIENTED_EDGE('',*,*,#1701,.T.);
#853=ORIENTED_EDGE('',*,*,#1696,.T.);
#854=ORIENTED_EDGE('',*,*,#1702,.F.);
#855=ORIENTED_EDGE('',*,*,#1703,.F.);
#856=ORIENTED_EDGE('',*,*,#1704,.T.);
#857=ORIENTED_EDGE('',*,*,#1705,.F.);
#858=ORIENTED_EDGE('',*,*,#1706,.F.);
#859=ORIENTED_EDGE('',*,*,#1707,.T.);
#860=ORIENTED_EDGE('',*,*,#1708,.T.);
#861=ORIENTED_EDGE('',*,*,#1709,.F.);
#862=ORIENTED_EDGE('',*,*,#1710,.F.);
#863=ORIENTED_EDGE('',*,*,#1711,.F.);
#864=ORIENTED_EDGE('',*,*,#1712,.T.);
#865=ORIENTED_EDGE('',*,*,#1713,.F.);
#866=ORIENTED_EDGE('',*,*,#1714,.T.);
#867=ORIENTED_EDGE('',*,*,#1715,.F.);
#868=ORIENTED_EDGE('',*,*,#1716,.T.);
#869=ORIENTED_EDGE('',*,*,#1717,.F.);
#870=ORIENTED_EDGE('',*,*,#1718,.T.);
#871=ORIENTED_EDGE('',*,*,#1719,.T.);
#872=ORIENTED_EDGE('',*,*,#1720,.F.);
#873=ORIENTED_EDGE('',*,*,#1721,.T.);
#874=ORIENTED_EDGE('',*,*,#1722,.F.);
#875=ORIENTED_EDGE('',*,*,#1723,.F.);
#876=ORIENTED_EDGE('',*,*,#1724,.T.);
#877=ORIENTED_EDGE('',*,*,#1725,.T.);
#878=ORIENTED_EDGE('',*,*,#1726,.T.);
#879=ORIENTED_EDGE('',*,*,#1727,.T.);
#880=ORIENTED_EDGE('',*,*,#1728,.F.);
#881=ORIENTED_EDGE('',*,*,#1729,.T.);
#882=ORIENTED_EDGE('',*,*,#1730,.F.);
#883=ORIENTED_EDGE('',*,*,#1731,.T.);
#884=ORIENTED_EDGE('',*,*,#1721,.F.);
#885=ORIENTED_EDGE('',*,*,#1732,.F.);
#886=ORIENTED_EDGE('',*,*,#1733,.F.);
#887=ORIENTED_EDGE('',*,*,#1734,.F.);
#888=ORIENTED_EDGE('',*,*,#1735,.F.);
#889=ORIENTED_EDGE('',*,*,#1736,.F.);
#890=ORIENTED_EDGE('',*,*,#1719,.F.);
#891=ORIENTED_EDGE('',*,*,#1678,.T.);
#892=ORIENTED_EDGE('',*,*,#1737,.F.);
#893=ORIENTED_EDGE('',*,*,#1738,.F.);
#894=ORIENTED_EDGE('',*,*,#1739,.T.);
#895=ORIENTED_EDGE('',*,*,#1740,.T.);
#896=ORIENTED_EDGE('',*,*,#1741,.F.);
#897=ORIENTED_EDGE('',*,*,#1742,.F.);
#898=ORIENTED_EDGE('',*,*,#1725,.F.);
#899=ORIENTED_EDGE('',*,*,#1743,.T.);
#900=ORIENTED_EDGE('',*,*,#1744,.F.);
#901=ORIENTED_EDGE('',*,*,#1745,.T.);
#902=ORIENTED_EDGE('',*,*,#1746,.T.);
#903=ORIENTED_EDGE('',*,*,#1747,.T.);
#904=ORIENTED_EDGE('',*,*,#1730,.T.);
#905=ORIENTED_EDGE('',*,*,#1748,.T.);
#906=ORIENTED_EDGE('',*,*,#1749,.F.);
#907=ORIENTED_EDGE('',*,*,#1750,.T.);
#908=ORIENTED_EDGE('',*,*,#1751,.T.);
#909=ORIENTED_EDGE('',*,*,#1745,.F.);
#910=ORIENTED_EDGE('',*,*,#1752,.F.);
#911=ORIENTED_EDGE('',*,*,#1753,.F.);
#912=ORIENTED_EDGE('',*,*,#1711,.T.);
#913=ORIENTED_EDGE('',*,*,#1754,.F.);
#914=ORIENTED_EDGE('',*,*,#1710,.T.);
#915=ORIENTED_EDGE('',*,*,#1755,.F.);
#916=ORIENTED_EDGE('',*,*,#1756,.F.);
#917=ORIENTED_EDGE('',*,*,#1757,.F.);
#918=ORIENTED_EDGE('',*,*,#1758,.T.);
#919=ORIENTED_EDGE('',*,*,#1754,.T.);
#920=ORIENTED_EDGE('',*,*,#1759,.F.);
#921=ORIENTED_EDGE('',*,*,#1760,.F.);
#922=ORIENTED_EDGE('',*,*,#1761,.F.);
#923=ORIENTED_EDGE('',*,*,#1762,.T.);
#924=ORIENTED_EDGE('',*,*,#1763,.F.);
#925=ORIENTED_EDGE('',*,*,#1764,.T.);
#926=ORIENTED_EDGE('',*,*,#1765,.T.);
#927=ORIENTED_EDGE('',*,*,#1766,.F.);
#928=ORIENTED_EDGE('',*,*,#1767,.F.);
#929=ORIENTED_EDGE('',*,*,#1768,.T.);
#930=ORIENTED_EDGE('',*,*,#1769,.F.);
#931=ORIENTED_EDGE('',*,*,#1768,.F.);
#932=ORIENTED_EDGE('',*,*,#1770,.T.);
#933=ORIENTED_EDGE('',*,*,#1771,.T.);
#934=ORIENTED_EDGE('',*,*,#1772,.F.);
#935=ORIENTED_EDGE('',*,*,#1773,.T.);
#936=ORIENTED_EDGE('',*,*,#1760,.T.);
#937=ORIENTED_EDGE('',*,*,#1774,.T.);
#938=ORIENTED_EDGE('',*,*,#1749,.T.);
#939=ORIENTED_EDGE('',*,*,#1775,.F.);
#940=ORIENTED_EDGE('',*,*,#1717,.T.);
#941=ORIENTED_EDGE('',*,*,#1776,.T.);
#942=ORIENTED_EDGE('',*,*,#1777,.F.);
#943=ORIENTED_EDGE('',*,*,#1778,.F.);
#944=ORIENTED_EDGE('',*,*,#1779,.T.);
#945=ORIENTED_EDGE('',*,*,#1780,.F.);
#946=ORIENTED_EDGE('',*,*,#1781,.F.);
#947=ORIENTED_EDGE('',*,*,#1782,.T.);
#948=ORIENTED_EDGE('',*,*,#1783,.T.);
#949=ORIENTED_EDGE('',*,*,#1784,.T.);
#950=ORIENTED_EDGE('',*,*,#1785,.F.);
#951=ORIENTED_EDGE('',*,*,#1786,.T.);
#952=ORIENTED_EDGE('',*,*,#1715,.T.);
#953=ORIENTED_EDGE('',*,*,#1787,.T.);
#954=ORIENTED_EDGE('',*,*,#1788,.T.);
#955=ORIENTED_EDGE('',*,*,#1789,.F.);
#956=ORIENTED_EDGE('',*,*,#1765,.F.);
#957=ORIENTED_EDGE('',*,*,#1790,.T.);
#958=ORIENTED_EDGE('',*,*,#1791,.T.);
#959=ORIENTED_EDGE('',*,*,#1679,.F.);
#960=ORIENTED_EDGE('',*,*,#1792,.F.);
#961=ORIENTED_EDGE('',*,*,#1793,.F.);
#962=ORIENTED_EDGE('',*,*,#1794,.T.);
#963=ORIENTED_EDGE('',*,*,#1795,.T.);
#964=ORIENTED_EDGE('',*,*,#1757,.T.);
#965=ORIENTED_EDGE('',*,*,#1796,.F.);
#966=ORIENTED_EDGE('',*,*,#1660,.T.);
#967=ORIENTED_EDGE('',*,*,#1797,.T.);
#968=ORIENTED_EDGE('',*,*,#1798,.F.);
#969=ORIENTED_EDGE('',*,*,#1799,.T.);
#970=ORIENTED_EDGE('',*,*,#1800,.F.);
#971=ORIENTED_EDGE('',*,*,#1801,.F.);
#972=ORIENTED_EDGE('',*,*,#1802,.T.);
#973=ORIENTED_EDGE('',*,*,#1803,.T.);
#974=ORIENTED_EDGE('',*,*,#1804,.F.);
#975=ORIENTED_EDGE('',*,*,#1658,.F.);
#976=ORIENTED_EDGE('',*,*,#1805,.T.);
#977=ORIENTED_EDGE('',*,*,#1674,.T.);
#978=ORIENTED_EDGE('',*,*,#1806,.F.);
#979=ORIENTED_EDGE('',*,*,#1807,.F.);
#980=ORIENTED_EDGE('',*,*,#1808,.T.);
#981=ORIENTED_EDGE('',*,*,#1809,.T.);
#982=ORIENTED_EDGE('',*,*,#1806,.T.);
#983=ORIENTED_EDGE('',*,*,#1673,.F.);
#984=ORIENTED_EDGE('',*,*,#1810,.F.);
#985=ORIENTED_EDGE('',*,*,#1811,.F.);
#986=ORIENTED_EDGE('',*,*,#1812,.F.);
#987=ORIENTED_EDGE('',*,*,#1750,.F.);
#988=ORIENTED_EDGE('',*,*,#1813,.F.);
#989=ORIENTED_EDGE('',*,*,#1795,.F.);
#990=ORIENTED_EDGE('',*,*,#1814,.T.);
#991=ORIENTED_EDGE('',*,*,#1800,.T.);
#992=ORIENTED_EDGE('',*,*,#1815,.F.);
#993=ORIENTED_EDGE('',*,*,#1737,.T.);
#994=ORIENTED_EDGE('',*,*,#1816,.T.);
#995=ORIENTED_EDGE('',*,*,#1817,.F.);
#996=ORIENTED_EDGE('',*,*,#1818,.T.);
#997=ORIENTED_EDGE('',*,*,#1624,.F.);
#998=ORIENTED_EDGE('',*,*,#1819,.F.);
#999=ORIENTED_EDGE('',*,*,#1820,.T.);
#1000=ORIENTED_EDGE('',*,*,#1821,.F.);
#1001=ORIENTED_EDGE('',*,*,#1822,.F.);
#1002=ORIENTED_EDGE('',*,*,#1823,.T.);
#1003=ORIENTED_EDGE('',*,*,#1671,.F.);
#1004=ORIENTED_EDGE('',*,*,#1824,.T.);
#1005=ORIENTED_EDGE('',*,*,#1825,.T.);
#1006=ORIENTED_EDGE('',*,*,#1826,.F.);
#1007=ORIENTED_EDGE('',*,*,#1827,.F.);
#1008=ORIENTED_EDGE('',*,*,#1828,.T.);
#1009=ORIENTED_EDGE('',*,*,#1829,.F.);
#1010=ORIENTED_EDGE('',*,*,#1830,.T.);
#1011=ORIENTED_EDGE('',*,*,#1831,.T.);
#1012=ORIENTED_EDGE('',*,*,#1832,.T.);
#1013=ORIENTED_EDGE('',*,*,#1618,.T.);
#1014=ORIENTED_EDGE('',*,*,#1833,.F.);
#1015=ORIENTED_EDGE('',*,*,#1834,.F.);
#1016=ORIENTED_EDGE('',*,*,#1835,.F.);
#1017=ORIENTED_EDGE('',*,*,#1668,.F.);
#1018=ORIENTED_EDGE('',*,*,#1836,.F.);
#1019=ORIENTED_EDGE('',*,*,#1837,.F.);
#1020=ORIENTED_EDGE('',*,*,#1838,.T.);
#1021=ORIENTED_EDGE('',*,*,#1839,.F.);
#1022=ORIENTED_EDGE('',*,*,#1840,.F.);
#1023=ORIENTED_EDGE('',*,*,#1841,.T.);
#1024=ORIENTED_EDGE('',*,*,#1842,.T.);
#1025=ORIENTED_EDGE('',*,*,#1843,.T.);
#1026=ORIENTED_EDGE('',*,*,#1664,.T.);
#1027=ORIENTED_EDGE('',*,*,#1844,.T.);
#1028=ORIENTED_EDGE('',*,*,#1845,.T.);
#1029=ORIENTED_EDGE('',*,*,#1846,.T.);
#1030=ORIENTED_EDGE('',*,*,#1638,.F.);
#1031=ORIENTED_EDGE('',*,*,#1847,.F.);
#1032=ORIENTED_EDGE('',*,*,#1848,.F.);
#1033=ORIENTED_EDGE('',*,*,#1849,.F.);
#1034=ORIENTED_EDGE('',*,*,#1713,.T.);
#1035=ORIENTED_EDGE('',*,*,#1850,.T.);
#1036=ORIENTED_EDGE('',*,*,#1851,.F.);
#1037=ORIENTED_EDGE('',*,*,#1852,.F.);
#1038=ORIENTED_EDGE('',*,*,#1853,.F.);
#1039=ORIENTED_EDGE('',*,*,#1854,.F.);
#1040=ORIENTED_EDGE('',*,*,#1752,.T.);
#1041=ORIENTED_EDGE('',*,*,#1744,.T.);
#1042=ORIENTED_EDGE('',*,*,#1855,.F.);
#1043=ORIENTED_EDGE('',*,*,#1856,.F.);
#1044=ORIENTED_EDGE('',*,*,#1772,.T.);
#1045=ORIENTED_EDGE('',*,*,#1759,.T.);
#1046=ORIENTED_EDGE('',*,*,#1769,.T.);
#1047=ORIENTED_EDGE('',*,*,#1857,.F.);
#1048=ORIENTED_EDGE('',*,*,#1858,.F.);
#1049=ORIENTED_EDGE('',*,*,#1859,.F.);
#1050=ORIENTED_EDGE('',*,*,#1758,.F.);
#1051=ORIENTED_EDGE('',*,*,#1813,.T.);
#1052=ORIENTED_EDGE('',*,*,#1854,.T.);
#1053=ORIENTED_EDGE('',*,*,#1860,.T.);
#1054=ORIENTED_EDGE('',*,*,#1650,.T.);
#1055=ORIENTED_EDGE('',*,*,#1676,.F.);
#1056=ORIENTED_EDGE('',*,*,#1861,.F.);
#1057=ORIENTED_EDGE('',*,*,#1656,.T.);
#1058=ORIENTED_EDGE('',*,*,#1861,.T.);
#1059=ORIENTED_EDGE('',*,*,#1675,.F.);
#1060=ORIENTED_EDGE('',*,*,#1805,.F.);
#1061=ORIENTED_EDGE('',*,*,#1657,.T.);
#1062=ORIENTED_EDGE('',*,*,#1862,.F.);
#1063=ORIENTED_EDGE('',*,*,#1797,.F.);
#1064=ORIENTED_EDGE('',*,*,#1659,.T.);
#1065=ORIENTED_EDGE('',*,*,#1804,.T.);
#1066=ORIENTED_EDGE('',*,*,#1662,.F.);
#1067=ORIENTED_EDGE('',*,*,#1863,.T.);
#1068=ORIENTED_EDGE('',*,*,#1640,.F.);
#1069=ORIENTED_EDGE('',*,*,#1864,.F.);
#1070=ORIENTED_EDGE('',*,*,#1846,.F.);
#1071=ORIENTED_EDGE('',*,*,#1865,.T.);
#1072=ORIENTED_EDGE('',*,*,#1866,.F.);
#1073=ORIENTED_EDGE('',*,*,#1867,.T.);
#1074=ORIENTED_EDGE('',*,*,#1844,.F.);
#1075=ORIENTED_EDGE('',*,*,#1663,.F.);
#1076=ORIENTED_EDGE('',*,*,#1864,.T.);
#1077=ORIENTED_EDGE('',*,*,#1639,.F.);
#1078=ORIENTED_EDGE('',*,*,#1848,.T.);
#1079=ORIENTED_EDGE('',*,*,#1634,.F.);
#1080=ORIENTED_EDGE('',*,*,#1868,.F.);
#1081=ORIENTED_EDGE('',*,*,#1869,.T.);
#1082=ORIENTED_EDGE('',*,*,#1868,.T.);
#1083=ORIENTED_EDGE('',*,*,#1633,.F.);
#1084=ORIENTED_EDGE('',*,*,#1870,.T.);
#1085=ORIENTED_EDGE('',*,*,#1871,.T.);
#1086=ORIENTED_EDGE('',*,*,#1631,.T.);
#1087=ORIENTED_EDGE('',*,*,#1872,.T.);
#1088=ORIENTED_EDGE('',*,*,#1643,.F.);
#1089=ORIENTED_EDGE('',*,*,#1873,.F.);
#1090=ORIENTED_EDGE('',*,*,#1874,.F.);
#1091=ORIENTED_EDGE('',*,*,#1870,.F.);
#1092=ORIENTED_EDGE('',*,*,#1632,.T.);
#1093=ORIENTED_EDGE('',*,*,#1873,.T.);
#1094=ORIENTED_EDGE('',*,*,#1642,.F.);
#1095=ORIENTED_EDGE('',*,*,#1875,.F.);
#1096=ORIENTED_EDGE('',*,*,#1876,.T.);
#1097=ORIENTED_EDGE('',*,*,#1877,.F.);
#1098=ORIENTED_EDGE('',*,*,#1876,.F.);
#1099=ORIENTED_EDGE('',*,*,#1878,.T.);
#1100=ORIENTED_EDGE('',*,*,#1879,.F.);
#1101=ORIENTED_EDGE('',*,*,#1708,.F.);
#1102=ORIENTED_EDGE('',*,*,#1880,.F.);
#1103=ORIENTED_EDGE('',*,*,#1881,.F.);
#1104=ORIENTED_EDGE('',*,*,#1680,.F.);
#1105=ORIENTED_EDGE('',*,*,#1672,.F.);
#1106=ORIENTED_EDGE('',*,*,#1823,.F.);
#1107=ORIENTED_EDGE('',*,*,#1882,.F.);
#1108=ORIENTED_EDGE('',*,*,#1811,.T.);
#1109=ORIENTED_EDGE('',*,*,#1883,.F.);
#1110=ORIENTED_EDGE('',*,*,#1884,.T.);
#1111=ORIENTED_EDGE('',*,*,#1885,.T.);
#1112=ORIENTED_EDGE('',*,*,#1808,.F.);
#1113=ORIENTED_EDGE('',*,*,#1796,.T.);
#1114=ORIENTED_EDGE('',*,*,#1756,.T.);
#1115=ORIENTED_EDGE('',*,*,#1886,.T.);
#1116=ORIENTED_EDGE('',*,*,#1878,.F.);
#1117=ORIENTED_EDGE('',*,*,#1875,.T.);
#1118=ORIENTED_EDGE('',*,*,#1641,.T.);
#1119=ORIENTED_EDGE('',*,*,#1863,.F.);
#1120=ORIENTED_EDGE('',*,*,#1661,.T.);
#1121=ORIENTED_EDGE('',*,*,#1887,.F.);
#1122=ORIENTED_EDGE('',*,*,#1888,.T.);
#1123=ORIENTED_EDGE('',*,*,#1889,.T.);
#1124=ORIENTED_EDGE('',*,*,#1890,.F.);
#1125=ORIENTED_EDGE('',*,*,#1707,.F.);
#1126=ORIENTED_EDGE('',*,*,#1891,.F.);
#1127=ORIENTED_EDGE('',*,*,#1892,.F.);
#1128=ORIENTED_EDGE('',*,*,#1880,.T.);
#1129=ORIENTED_EDGE('',*,*,#1892,.T.);
#1130=ORIENTED_EDGE('',*,*,#1893,.F.);
#1131=ORIENTED_EDGE('',*,*,#1894,.F.);
#1132=ORIENTED_EDGE('',*,*,#1895,.F.);
#1133=ORIENTED_EDGE('',*,*,#1691,.F.);
#1134=ORIENTED_EDGE('',*,*,#1896,.F.);
#1135=ORIENTED_EDGE('',*,*,#1897,.F.);
#1136=ORIENTED_EDGE('',*,*,#1898,.T.);
#1137=ORIENTED_EDGE('',*,*,#1685,.F.);
#1138=ORIENTED_EDGE('',*,*,#1899,.F.);
#1139=ORIENTED_EDGE('',*,*,#1900,.F.);
#1140=ORIENTED_EDGE('',*,*,#1901,.T.);
#1141=ORIENTED_EDGE('',*,*,#1694,.F.);
#1142=ORIENTED_EDGE('',*,*,#1902,.F.);
#1143=ORIENTED_EDGE('',*,*,#1903,.F.);
#1144=ORIENTED_EDGE('',*,*,#1904,.T.);
#1145=ORIENTED_EDGE('',*,*,#1684,.F.);
#1146=ORIENTED_EDGE('',*,*,#1905,.T.);
#1147=ORIENTED_EDGE('',*,*,#1877,.T.);
#1148=ORIENTED_EDGE('',*,*,#1881,.T.);
#1149=ORIENTED_EDGE('',*,*,#1604,.F.);
#1150=ORIENTED_EDGE('',*,*,#1906,.T.);
#1151=ORIENTED_EDGE('',*,*,#1689,.T.);
#1152=ORIENTED_EDGE('',*,*,#1907,.T.);
#1153=ORIENTED_EDGE('',*,*,#1775,.T.);
#1154=ORIENTED_EDGE('',*,*,#1748,.F.);
#1155=ORIENTED_EDGE('',*,*,#1729,.F.);
#1156=ORIENTED_EDGE('',*,*,#1718,.F.);
#1157=ORIENTED_EDGE('',*,*,#1607,.T.);
#1158=ORIENTED_EDGE('',*,*,#1908,.T.);
#1159=ORIENTED_EDGE('',*,*,#1840,.T.);
#1160=ORIENTED_EDGE('',*,*,#1869,.F.);
#1161=ORIENTED_EDGE('',*,*,#1871,.F.);
#1162=ORIENTED_EDGE('',*,*,#1874,.T.);
#1163=ORIENTED_EDGE('',*,*,#1905,.F.);
#1164=ORIENTED_EDGE('',*,*,#1683,.F.);
#1165=ORIENTED_EDGE('',*,*,#1698,.T.);
#1166=ORIENTED_EDGE('',*,*,#1630,.T.);
#1167=ORIENTED_EDGE('',*,*,#1909,.T.);
#1168=ORIENTED_EDGE('',*,*,#1644,.T.);
#1169=ORIENTED_EDGE('',*,*,#1872,.F.);
#1170=ORIENTED_EDGE('',*,*,#1910,.F.);
#1171=ORIENTED_EDGE('',*,*,#1866,.T.);
#1172=ORIENTED_EDGE('',*,*,#1865,.F.);
#1173=ORIENTED_EDGE('',*,*,#1845,.F.);
#1174=ORIENTED_EDGE('',*,*,#1867,.F.);
#1175=ORIENTED_EDGE('',*,*,#1910,.T.);
#1176=ORIENTED_EDGE('',*,*,#1911,.F.);
#1177=ORIENTED_EDGE('',*,*,#1839,.T.);
#1178=ORIENTED_EDGE('',*,*,#1911,.T.);
#1179=ORIENTED_EDGE('',*,*,#1670,.T.);
#1180=ORIENTED_EDGE('',*,*,#1912,.T.);
#1181=ORIENTED_EDGE('',*,*,#1625,.T.);
#1182=ORIENTED_EDGE('',*,*,#1818,.F.);
#1183=ORIENTED_EDGE('',*,*,#1833,.T.);
#1184=ORIENTED_EDGE('',*,*,#1626,.T.);
#1185=ORIENTED_EDGE('',*,*,#1912,.F.);
#1186=ORIENTED_EDGE('',*,*,#1669,.T.);
#1187=ORIENTED_EDGE('',*,*,#1835,.T.);
#1188=ORIENTED_EDGE('',*,*,#1913,.F.);
#1189=ORIENTED_EDGE('',*,*,#1914,.T.);
#1190=ORIENTED_EDGE('',*,*,#1915,.F.);
#1191=ORIENTED_EDGE('',*,*,#1831,.F.);
#1192=ORIENTED_EDGE('',*,*,#1916,.F.);
#1193=ORIENTED_EDGE('',*,*,#1917,.T.);
#1194=ORIENTED_EDGE('',*,*,#1611,.T.);
#1195=ORIENTED_EDGE('',*,*,#1917,.F.);
#1196=ORIENTED_EDGE('',*,*,#1918,.F.);
#1197=ORIENTED_EDGE('',*,*,#1919,.F.);
#1198=ORIENTED_EDGE('',*,*,#1612,.T.);
#1199=ORIENTED_EDGE('',*,*,#1614,.F.);
#1200=ORIENTED_EDGE('',*,*,#1920,.T.);
#1201=ORIENTED_EDGE('',*,*,#1622,.T.);
#1202=ORIENTED_EDGE('',*,*,#1921,.F.);
#1203=ORIENTED_EDGE('',*,*,#1922,.T.);
#1204=ORIENTED_EDGE('',*,*,#1894,.T.);
#1205=ORIENTED_EDGE('',*,*,#1923,.F.);
#1206=ORIENTED_EDGE('',*,*,#1819,.T.);
#1207=ORIENTED_EDGE('',*,*,#1623,.T.);
#1208=ORIENTED_EDGE('',*,*,#1920,.F.);
#1209=ORIENTED_EDGE('',*,*,#1613,.F.);
#1210=ORIENTED_EDGE('',*,*,#1919,.T.);
#1211=ORIENTED_EDGE('',*,*,#1820,.F.);
#1212=ORIENTED_EDGE('',*,*,#1923,.T.);
#1213=ORIENTED_EDGE('',*,*,#1893,.T.);
#1214=ORIENTED_EDGE('',*,*,#1891,.T.);
#1215=ORIENTED_EDGE('',*,*,#1706,.T.);
#1216=ORIENTED_EDGE('',*,*,#1924,.F.);
#1217=ORIENTED_EDGE('',*,*,#1677,.F.);
#1218=ORIENTED_EDGE('',*,*,#1830,.F.);
#1219=ORIENTED_EDGE('',*,*,#1925,.F.);
#1220=ORIENTED_EDGE('',*,*,#1605,.F.);
#1221=ORIENTED_EDGE('',*,*,#1907,.F.);
#1222=ORIENTED_EDGE('',*,*,#1692,.T.);
#1223=ORIENTED_EDGE('',*,*,#1895,.T.);
#1224=ORIENTED_EDGE('',*,*,#1922,.F.);
#1225=ORIENTED_EDGE('',*,*,#1918,.T.);
#1226=ORIENTED_EDGE('',*,*,#1916,.T.);
#1227=ORIENTED_EDGE('',*,*,#1621,.F.);
#1228=ORIENTED_EDGE('',*,*,#1926,.T.);
#1229=ORIENTED_EDGE('',*,*,#1615,.F.);
#1230=ORIENTED_EDGE('',*,*,#1921,.T.);
#1231=ORIENTED_EDGE('',*,*,#1927,.T.);
#1232=ORIENTED_EDGE('',*,*,#1914,.F.);
#1233=ORIENTED_EDGE('',*,*,#1915,.T.);
#1234=ORIENTED_EDGE('',*,*,#1927,.F.);
#1235=ORIENTED_EDGE('',*,*,#1913,.T.);
#1236=ORIENTED_EDGE('',*,*,#1834,.T.);
#1237=ORIENTED_EDGE('',*,*,#1928,.T.);
#1238=ORIENTED_EDGE('',*,*,#1828,.F.);
#1239=ORIENTED_EDGE('',*,*,#1928,.F.);
#1240=ORIENTED_EDGE('',*,*,#1929,.F.);
#1241=ORIENTED_EDGE('',*,*,#1930,.T.);
#1242=ORIENTED_EDGE('',*,*,#1931,.F.);
#1243=ORIENTED_EDGE('',*,*,#1739,.F.);
#1244=ORIENTED_EDGE('',*,*,#1930,.F.);
#1245=ORIENTED_EDGE('',*,*,#1932,.F.);
#1246=ORIENTED_EDGE('',*,*,#1817,.T.);
#1247=ORIENTED_EDGE('',*,*,#1933,.F.);
#1248=ORIENTED_EDGE('',*,*,#1740,.F.);
#1249=ORIENTED_EDGE('',*,*,#1931,.T.);
#1250=ORIENTED_EDGE('',*,*,#1933,.T.);
#1251=ORIENTED_EDGE('',*,*,#1816,.F.);
#1252=ORIENTED_EDGE('',*,*,#1934,.F.);
#1253=ORIENTED_EDGE('',*,*,#1935,.F.);
#1254=ORIENTED_EDGE('',*,*,#1936,.F.);
#1255=ORIENTED_EDGE('',*,*,#1937,.T.);
#1256=ORIENTED_EDGE('',*,*,#1778,.T.);
#1257=ORIENTED_EDGE('',*,*,#1938,.T.);
#1258=ORIENTED_EDGE('',*,*,#1939,.T.);
#1259=ORIENTED_EDGE('',*,*,#1784,.F.);
#1260=ORIENTED_EDGE('',*,*,#1940,.F.);
#1261=ORIENTED_EDGE('',*,*,#1941,.T.);
#1262=ORIENTED_EDGE('',*,*,#1942,.T.);
#1263=ORIENTED_EDGE('',*,*,#1941,.F.);
#1264=ORIENTED_EDGE('',*,*,#1943,.F.);
#1265=ORIENTED_EDGE('',*,*,#1936,.T.);
#1266=ORIENTED_EDGE('',*,*,#1944,.F.);
#1267=ORIENTED_EDGE('',*,*,#1945,.T.);
#1268=ORIENTED_EDGE('',*,*,#1946,.T.);
#1269=ORIENTED_EDGE('',*,*,#1783,.F.);
#1270=ORIENTED_EDGE('',*,*,#1947,.T.);
#1271=ORIENTED_EDGE('',*,*,#1948,.T.);
#1272=ORIENTED_EDGE('',*,*,#1944,.T.);
#1273=ORIENTED_EDGE('',*,*,#1949,.T.);
#1274=ORIENTED_EDGE('',*,*,#1950,.F.);
#1275=ORIENTED_EDGE('',*,*,#1779,.F.);
#1276=ORIENTED_EDGE('',*,*,#1937,.F.);
#1277=ORIENTED_EDGE('',*,*,#1943,.T.);
#1278=ORIENTED_EDGE('',*,*,#1940,.T.);
#1279=ORIENTED_EDGE('',*,*,#1951,.F.);
#1280=ORIENTED_EDGE('',*,*,#1785,.T.);
#1281=ORIENTED_EDGE('',*,*,#1939,.F.);
#1282=ORIENTED_EDGE('',*,*,#1942,.F.);
#1283=ORIENTED_EDGE('',*,*,#1935,.T.);
#1284=ORIENTED_EDGE('',*,*,#1946,.F.);
#1285=ORIENTED_EDGE('',*,*,#1879,.T.);
#1286=ORIENTED_EDGE('',*,*,#1886,.F.);
#1287=ORIENTED_EDGE('',*,*,#1755,.T.);
#1288=ORIENTED_EDGE('',*,*,#1709,.T.);
#1289=ORIENTED_EDGE('',*,*,#1952,.F.);
#1290=ORIENTED_EDGE('',*,*,#1770,.F.);
#1291=ORIENTED_EDGE('',*,*,#1767,.T.);
#1292=ORIENTED_EDGE('',*,*,#1953,.T.);
#1293=ORIENTED_EDGE('',*,*,#1954,.F.);
#1294=ORIENTED_EDGE('',*,*,#1953,.F.);
#1295=ORIENTED_EDGE('',*,*,#1766,.T.);
#1296=ORIENTED_EDGE('',*,*,#1789,.T.);
#1297=ORIENTED_EDGE('',*,*,#1762,.F.);
#1298=ORIENTED_EDGE('',*,*,#1955,.T.);
#1299=ORIENTED_EDGE('',*,*,#1956,.T.);
#1300=ORIENTED_EDGE('',*,*,#1957,.F.);
#1301=ORIENTED_EDGE('',*,*,#1857,.T.);
#1302=ORIENTED_EDGE('',*,*,#1771,.F.);
#1303=ORIENTED_EDGE('',*,*,#1952,.T.);
#1304=ORIENTED_EDGE('',*,*,#1954,.T.);
#1305=ORIENTED_EDGE('',*,*,#1788,.F.);
#1306=ORIENTED_EDGE('',*,*,#1956,.F.);
#1307=ORIENTED_EDGE('',*,*,#1958,.F.);
#1308=ORIENTED_EDGE('',*,*,#1791,.F.);
#1309=ORIENTED_EDGE('',*,*,#1959,.T.);
#1310=ORIENTED_EDGE('',*,*,#1763,.T.);
#1311=ORIENTED_EDGE('',*,*,#1955,.F.);
#1312=ORIENTED_EDGE('',*,*,#1761,.T.);
#1313=ORIENTED_EDGE('',*,*,#1773,.F.);
#1314=ORIENTED_EDGE('',*,*,#1856,.T.);
#1315=ORIENTED_EDGE('',*,*,#1764,.F.);
#1316=ORIENTED_EDGE('',*,*,#1959,.F.);
#1317=ORIENTED_EDGE('',*,*,#1790,.F.);
#1318=ORIENTED_EDGE('',*,*,#1945,.F.);
#1319=ORIENTED_EDGE('',*,*,#1948,.F.);
#1320=ORIENTED_EDGE('',*,*,#1960,.T.);
#1321=ORIENTED_EDGE('',*,*,#1781,.T.);
#1322=ORIENTED_EDGE('',*,*,#1961,.F.);
#1323=ORIENTED_EDGE('',*,*,#1949,.F.);
#1324=ORIENTED_EDGE('',*,*,#1947,.F.);
#1325=ORIENTED_EDGE('',*,*,#1782,.F.);
#1326=ORIENTED_EDGE('',*,*,#1960,.F.);
#1327=ORIENTED_EDGE('',*,*,#1950,.T.);
#1328=ORIENTED_EDGE('',*,*,#1961,.T.);
#1329=ORIENTED_EDGE('',*,*,#1780,.T.);
#1330=ORIENTED_EDGE('',*,*,#1606,.F.);
#1331=ORIENTED_EDGE('',*,*,#1925,.T.);
#1332=ORIENTED_EDGE('',*,*,#1829,.T.);
#1333=ORIENTED_EDGE('',*,*,#1646,.F.);
#1334=ORIENTED_EDGE('',*,*,#1841,.F.);
#1335=ORIENTED_EDGE('',*,*,#1908,.F.);
#1336=ORIENTED_EDGE('',*,*,#1825,.F.);
#1337=ORIENTED_EDGE('',*,*,#1962,.F.);
#1338=ORIENTED_EDGE('',*,*,#1963,.T.);
#1339=ORIENTED_EDGE('',*,*,#1964,.T.);
#1340=ORIENTED_EDGE('',*,*,#1824,.F.);
#1341=ORIENTED_EDGE('',*,*,#1965,.F.);
#1342=ORIENTED_EDGE('',*,*,#1966,.T.);
#1343=ORIENTED_EDGE('',*,*,#1962,.T.);
#1344=ORIENTED_EDGE('',*,*,#1827,.T.);
#1345=ORIENTED_EDGE('',*,*,#1967,.F.);
#1346=ORIENTED_EDGE('',*,*,#1968,.F.);
#1347=ORIENTED_EDGE('',*,*,#1965,.T.);
#1348=ORIENTED_EDGE('',*,*,#1826,.T.);
#1349=ORIENTED_EDGE('',*,*,#1964,.F.);
#1350=ORIENTED_EDGE('',*,*,#1969,.F.);
#1351=ORIENTED_EDGE('',*,*,#1967,.T.);
#1352=ORIENTED_EDGE('',*,*,#1963,.F.);
#1353=ORIENTED_EDGE('',*,*,#1966,.F.);
#1354=ORIENTED_EDGE('',*,*,#1968,.T.);
#1355=ORIENTED_EDGE('',*,*,#1969,.T.);
#1356=ORIENTED_EDGE('',*,*,#1888,.F.);
#1357=ORIENTED_EDGE('',*,*,#1970,.F.);
#1358=ORIENTED_EDGE('',*,*,#1971,.T.);
#1359=ORIENTED_EDGE('',*,*,#1972,.T.);
#1360=ORIENTED_EDGE('',*,*,#1887,.T.);
#1361=ORIENTED_EDGE('',*,*,#1973,.F.);
#1362=ORIENTED_EDGE('',*,*,#1974,.F.);
#1363=ORIENTED_EDGE('',*,*,#1970,.T.);
#1364=ORIENTED_EDGE('',*,*,#1890,.T.);
#1365=ORIENTED_EDGE('',*,*,#1975,.F.);
#1366=ORIENTED_EDGE('',*,*,#1976,.F.);
#1367=ORIENTED_EDGE('',*,*,#1973,.T.);
#1368=ORIENTED_EDGE('',*,*,#1889,.F.);
#1369=ORIENTED_EDGE('',*,*,#1972,.F.);
#1370=ORIENTED_EDGE('',*,*,#1977,.T.);
#1371=ORIENTED_EDGE('',*,*,#1975,.T.);
#1372=ORIENTED_EDGE('',*,*,#1971,.F.);
#1373=ORIENTED_EDGE('',*,*,#1974,.T.);
#1374=ORIENTED_EDGE('',*,*,#1976,.T.);
#1375=ORIENTED_EDGE('',*,*,#1977,.F.);
#1376=ORIENTED_EDGE('',*,*,#1932,.T.);
#1377=ORIENTED_EDGE('',*,*,#1929,.T.);
#1378=ORIENTED_EDGE('',*,*,#1738,.T.);
#1379=ORIENTED_EDGE('',*,*,#1815,.T.);
#1380=ORIENTED_EDGE('',*,*,#1798,.T.);
#1381=ORIENTED_EDGE('',*,*,#1978,.T.);
#1382=ORIENTED_EDGE('',*,*,#1884,.F.);
#1383=ORIENTED_EDGE('',*,*,#1979,.F.);
#1384=ORIENTED_EDGE('',*,*,#1810,.T.);
#1385=ORIENTED_EDGE('',*,*,#1799,.F.);
#1386=ORIENTED_EDGE('',*,*,#1979,.T.);
#1387=ORIENTED_EDGE('',*,*,#1883,.T.);
#1388=ORIENTED_EDGE('',*,*,#1885,.F.);
#1389=ORIENTED_EDGE('',*,*,#1978,.F.);
#1390=ORIENTED_EDGE('',*,*,#1807,.T.);
#1391=ORIENTED_EDGE('',*,*,#1809,.F.);
#1392=ORIENTED_EDGE('',*,*,#1980,.T.);
#1393=ORIENTED_EDGE('',*,*,#1793,.T.);
#1394=ORIENTED_EDGE('',*,*,#1981,.F.);
#1395=ORIENTED_EDGE('',*,*,#1802,.F.);
#1396=ORIENTED_EDGE('',*,*,#1794,.F.);
#1397=ORIENTED_EDGE('',*,*,#1980,.F.);
#1398=ORIENTED_EDGE('',*,*,#1801,.T.);
#1399=ORIENTED_EDGE('',*,*,#1814,.F.);
#1400=ORIENTED_EDGE('',*,*,#1862,.T.);
#1401=ORIENTED_EDGE('',*,*,#1803,.F.);
#1402=ORIENTED_EDGE('',*,*,#1981,.T.);
#1403=ORIENTED_EDGE('',*,*,#1792,.T.);
#1404=ORIENTED_EDGE('',*,*,#1858,.T.);
#1405=ORIENTED_EDGE('',*,*,#1957,.T.);
#1406=ORIENTED_EDGE('',*,*,#1787,.F.);
#1407=ORIENTED_EDGE('',*,*,#1714,.F.);
#1408=ORIENTED_EDGE('',*,*,#1743,.F.);
#1409=ORIENTED_EDGE('',*,*,#1774,.F.);
#1410=ORIENTED_EDGE('',*,*,#1958,.T.);
#1411=ORIENTED_EDGE('',*,*,#1855,.T.);
#1412=ORIENTED_EDGE('',*,*,#1850,.F.);
#1413=ORIENTED_EDGE('',*,*,#1712,.F.);
#1414=ORIENTED_EDGE('',*,*,#1753,.T.);
#1415=ORIENTED_EDGE('',*,*,#1859,.T.);
#1416=ORIENTED_EDGE('',*,*,#1982,.T.);
#1417=ORIENTED_EDGE('',*,*,#1853,.T.);
#1418=ORIENTED_EDGE('',*,*,#1983,.T.);
#1419=ORIENTED_EDGE('',*,*,#1851,.T.);
#1420=ORIENTED_EDGE('',*,*,#1982,.F.);
#1421=ORIENTED_EDGE('',*,*,#1860,.F.);
#1422=ORIENTED_EDGE('',*,*,#1852,.T.);
#1423=ORIENTED_EDGE('',*,*,#1984,.T.);
#1424=ORIENTED_EDGE('',*,*,#1983,.F.);
#1425=ORIENTED_EDGE('',*,*,#1984,.F.);
#1426=ORIENTED_EDGE('',*,*,#1703,.T.);
#1427=ORIENTED_EDGE('',*,*,#1705,.T.);
#1428=ORIENTED_EDGE('',*,*,#1985,.F.);
#1429=ORIENTED_EDGE('',*,*,#1821,.T.);
#1430=ORIENTED_EDGE('',*,*,#1924,.T.);
#1431=ORIENTED_EDGE('',*,*,#1985,.T.);
#1432=ORIENTED_EDGE('',*,*,#1726,.F.);
#1433=ORIENTED_EDGE('',*,*,#1742,.T.);
#1434=ORIENTED_EDGE('',*,*,#1986,.T.);
#1435=ORIENTED_EDGE('',*,*,#1882,.T.);
#1436=ORIENTED_EDGE('',*,*,#1822,.T.);
#1437=ORIENTED_EDGE('',*,*,#1987,.F.);
#1438=ORIENTED_EDGE('',*,*,#1988,.T.);
#1439=ORIENTED_EDGE('',*,*,#1989,.T.);
#1440=ORIENTED_EDGE('',*,*,#1812,.T.);
#1441=ORIENTED_EDGE('',*,*,#1986,.F.);
#1442=ORIENTED_EDGE('',*,*,#1990,.T.);
#1443=ORIENTED_EDGE('',*,*,#1722,.T.);
#1444=ORIENTED_EDGE('',*,*,#1731,.F.);
#1445=ORIENTED_EDGE('',*,*,#1747,.F.);
#1446=ORIENTED_EDGE('',*,*,#1991,.F.);
#1447=ORIENTED_EDGE('',*,*,#1723,.T.);
#1448=ORIENTED_EDGE('',*,*,#1990,.F.);
#1449=ORIENTED_EDGE('',*,*,#1746,.F.);
#1450=ORIENTED_EDGE('',*,*,#1751,.F.);
#1451=ORIENTED_EDGE('',*,*,#1989,.F.);
#1452=ORIENTED_EDGE('',*,*,#1992,.T.);
#1453=ORIENTED_EDGE('',*,*,#1993,.T.);
#1454=ORIENTED_EDGE('',*,*,#1994,.T.);
#1455=ORIENTED_EDGE('',*,*,#1995,.T.);
#1456=ORIENTED_EDGE('',*,*,#1987,.T.);
#1457=ORIENTED_EDGE('',*,*,#1741,.T.);
#1458=ORIENTED_EDGE('',*,*,#1724,.F.);
#1459=ORIENTED_EDGE('',*,*,#1991,.T.);
#1460=ORIENTED_EDGE('',*,*,#1996,.F.);
#1461=ORIENTED_EDGE('',*,*,#1992,.F.);
#1462=ORIENTED_EDGE('',*,*,#1988,.F.);
#1463=ORIENTED_EDGE('',*,*,#1995,.F.);
#1464=ORIENTED_EDGE('',*,*,#1994,.F.);
#1465=ORIENTED_EDGE('',*,*,#1997,.T.);
#1466=ORIENTED_EDGE('',*,*,#1996,.T.);
#1467=ORIENTED_EDGE('',*,*,#1704,.F.);
#1468=ORIENTED_EDGE('',*,*,#1997,.F.);
#1469=ORIENTED_EDGE('',*,*,#1993,.F.);
#1470=ORIENTED_EDGE('',*,*,#1938,.F.);
#1471=ORIENTED_EDGE('',*,*,#1777,.T.);
#1472=ORIENTED_EDGE('',*,*,#1998,.F.);
#1473=ORIENTED_EDGE('',*,*,#1776,.F.);
#1474=ORIENTED_EDGE('',*,*,#1716,.F.);
#1475=ORIENTED_EDGE('',*,*,#1786,.F.);
#1476=ORIENTED_EDGE('',*,*,#1951,.T.);
#1477=ORIENTED_EDGE('',*,*,#1934,.T.);
#1478=ORIENTED_EDGE('',*,*,#1998,.T.);
#1479=ORIENTED_EDGE('',*,*,#1720,.T.);
#1480=ORIENTED_EDGE('',*,*,#1736,.T.);
#1481=ORIENTED_EDGE('',*,*,#1999,.F.);
#1482=ORIENTED_EDGE('',*,*,#1732,.T.);
#1483=ORIENTED_EDGE('',*,*,#2000,.F.);
#1484=ORIENTED_EDGE('',*,*,#1733,.T.);
#1485=ORIENTED_EDGE('',*,*,#1999,.T.);
#1486=ORIENTED_EDGE('',*,*,#1735,.T.);
#1487=ORIENTED_EDGE('',*,*,#1734,.T.);
#1488=ORIENTED_EDGE('',*,*,#2001,.F.);
#1489=ORIENTED_EDGE('',*,*,#2001,.T.);
#1490=ORIENTED_EDGE('',*,*,#2000,.T.);
#1491=ORIENTED_EDGE('',*,*,#1727,.F.);
#1492=ORIENTED_EDGE('',*,*,#2002,.F.);
#1493=ORIENTED_EDGE('',*,*,#1728,.T.);
#1494=ORIENTED_EDGE('',*,*,#2002,.T.);
#1495=ORIENTED_EDGE('',*,*,#1700,.F.);
#1496=ORIENTED_EDGE('',*,*,#2003,.T.);
#1497=ORIENTED_EDGE('',*,*,#1899,.T.);
#1498=ORIENTED_EDGE('',*,*,#1688,.F.);
#1499=ORIENTED_EDGE('',*,*,#1901,.F.);
#1500=ORIENTED_EDGE('',*,*,#2004,.T.);
#1501=ORIENTED_EDGE('',*,*,#1702,.T.);
#1502=ORIENTED_EDGE('',*,*,#1695,.F.);
#1503=ORIENTED_EDGE('',*,*,#2004,.F.);
#1504=ORIENTED_EDGE('',*,*,#1900,.T.);
#1505=ORIENTED_EDGE('',*,*,#2003,.F.);
#1506=ORIENTED_EDGE('',*,*,#1601,.F.);
#1507=ORIENTED_EDGE('',*,*,#1906,.F.);
#1508=ORIENTED_EDGE('',*,*,#2005,.T.);
#1509=ORIENTED_EDGE('',*,*,#1896,.T.);
#1510=ORIENTED_EDGE('',*,*,#1690,.F.);
#1511=ORIENTED_EDGE('',*,*,#1898,.F.);
#1512=ORIENTED_EDGE('',*,*,#2006,.T.);
#1513=ORIENTED_EDGE('',*,*,#1699,.T.);
#1514=ORIENTED_EDGE('',*,*,#1686,.F.);
#1515=ORIENTED_EDGE('',*,*,#2006,.F.);
#1516=ORIENTED_EDGE('',*,*,#1897,.T.);
#1517=ORIENTED_EDGE('',*,*,#2005,.F.);
#1518=ORIENTED_EDGE('',*,*,#1603,.F.);
#1519=ORIENTED_EDGE('',*,*,#2007,.F.);
#1520=ORIENTED_EDGE('',*,*,#1902,.T.);
#1521=ORIENTED_EDGE('',*,*,#1693,.T.);
#1522=ORIENTED_EDGE('',*,*,#1701,.F.);
#1523=ORIENTED_EDGE('',*,*,#2008,.F.);
#1524=ORIENTED_EDGE('',*,*,#1697,.T.);
#1525=ORIENTED_EDGE('',*,*,#1681,.T.);
#1526=ORIENTED_EDGE('',*,*,#1904,.F.);
#1527=ORIENTED_EDGE('',*,*,#2008,.T.);
#1528=ORIENTED_EDGE('',*,*,#1903,.T.);
#1529=ORIENTED_EDGE('',*,*,#2007,.T.);
#1530=ORIENTED_EDGE('',*,*,#1599,.F.);
#1531=ORIENTED_EDGE('',*,*,#1836,.T.);
#1532=ORIENTED_EDGE('',*,*,#1667,.F.);
#1533=ORIENTED_EDGE('',*,*,#2009,.F.);
#1534=ORIENTED_EDGE('',*,*,#2010,.T.);
#1535=ORIENTED_EDGE('',*,*,#1647,.F.);
#1536=ORIENTED_EDGE('',*,*,#1837,.T.);
#1537=ORIENTED_EDGE('',*,*,#2010,.F.);
#1538=ORIENTED_EDGE('',*,*,#2011,.F.);
#1539=ORIENTED_EDGE('',*,*,#2012,.T.);
#1540=ORIENTED_EDGE('',*,*,#1665,.T.);
#1541=ORIENTED_EDGE('',*,*,#1648,.T.);
#1542=ORIENTED_EDGE('',*,*,#2012,.F.);
#1543=ORIENTED_EDGE('',*,*,#2013,.T.);
#1544=ORIENTED_EDGE('',*,*,#2014,.T.);
#1545=ORIENTED_EDGE('',*,*,#1838,.F.);
#1546=ORIENTED_EDGE('',*,*,#2009,.T.);
#1547=ORIENTED_EDGE('',*,*,#1666,.F.);
#1548=ORIENTED_EDGE('',*,*,#2013,.F.);
#1549=ORIENTED_EDGE('',*,*,#2011,.T.);
#1550=ORIENTED_EDGE('',*,*,#2014,.F.);
#1551=ORIENTED_EDGE('',*,*,#1842,.F.);
#1552=ORIENTED_EDGE('',*,*,#1645,.T.);
#1553=ORIENTED_EDGE('',*,*,#2015,.F.);
#1554=ORIENTED_EDGE('',*,*,#2016,.T.);
#1555=ORIENTED_EDGE('',*,*,#2017,.T.);
#1556=ORIENTED_EDGE('',*,*,#1843,.F.);
#1557=ORIENTED_EDGE('',*,*,#2017,.F.);
#1558=ORIENTED_EDGE('',*,*,#2018,.T.);
#1559=ORIENTED_EDGE('',*,*,#1653,.T.);
#1560=ORIENTED_EDGE('',*,*,#2019,.F.);
#1561=ORIENTED_EDGE('',*,*,#1849,.T.);
#1562=ORIENTED_EDGE('',*,*,#1652,.F.);
#1563=ORIENTED_EDGE('',*,*,#1655,.F.);
#1564=ORIENTED_EDGE('',*,*,#2020,.F.);
#1565=ORIENTED_EDGE('',*,*,#2015,.T.);
#1566=ORIENTED_EDGE('',*,*,#2019,.T.);
#1567=ORIENTED_EDGE('',*,*,#2016,.F.);
#1568=ORIENTED_EDGE('',*,*,#2020,.T.);
#1569=ORIENTED_EDGE('',*,*,#1654,.T.);
#1570=ORIENTED_EDGE('',*,*,#2018,.F.);
#1571=ORIENTED_EDGE('',*,*,#2021,.F.);
#1572=ORIENTED_EDGE('',*,*,#1636,.T.);
#1573=ORIENTED_EDGE('',*,*,#1909,.F.);
#1574=ORIENTED_EDGE('',*,*,#1629,.F.);
#1575=ORIENTED_EDGE('',*,*,#2021,.T.);
#1576=ORIENTED_EDGE('',*,*,#1628,.T.);
#1577=ORIENTED_EDGE('',*,*,#1847,.T.);
#1578=ORIENTED_EDGE('',*,*,#1637,.F.);
#1579=ORIENTED_EDGE('',*,*,#1926,.F.);
#1580=ORIENTED_EDGE('',*,*,#1620,.T.);
#1581=ORIENTED_EDGE('',*,*,#2022,.T.);
#1582=ORIENTED_EDGE('',*,*,#1616,.F.);
#1583=ORIENTED_EDGE('',*,*,#1832,.F.);
#1584=ORIENTED_EDGE('',*,*,#1610,.T.);
#1585=ORIENTED_EDGE('',*,*,#2022,.F.);
#1586=ORIENTED_EDGE('',*,*,#1619,.F.);
#1587=ORIENTED_EDGE('',*,*,#1597,.T.);
#1588=ORIENTED_EDGE('',*,*,#2023,.F.);
#1589=ORIENTED_EDGE('',*,*,#2023,.T.);
#1590=ORIENTED_EDGE('',*,*,#1596,.T.);
#1591=ORIENTED_EDGE('',*,*,#2024,.F.);
#1592=ORIENTED_EDGE('',*,*,#2024,.T.);
#1593=ORIENTED_EDGE('',*,*,#1608,.F.);
#1594=ORIENTED_EDGE('',*,*,#2025,.T.);
#1595=ORIENTED_EDGE('',*,*,#2025,.F.);
#1596=EDGE_CURVE('',#2026,#2026,#2315,.T.);
#1597=EDGE_CURVE('',#2027,#2027,#2316,.T.);
#1598=EDGE_CURVE('',#2028,#2029,#68,.T.);
#1599=EDGE_CURVE('',#2029,#2030,#69,.T.);
#1600=EDGE_CURVE('',#2030,#2031,#70,.T.);
#1601=EDGE_CURVE('',#2031,#2032,#71,.T.);
#1602=EDGE_CURVE('',#2032,#2033,#72,.T.);
#1603=EDGE_CURVE('',#2033,#2034,#73,.T.);
#1604=EDGE_CURVE('',#2034,#2035,#74,.T.);
#1605=EDGE_CURVE('',#2035,#2036,#75,.T.);
#1606=EDGE_CURVE('',#2036,#2037,#76,.T.);
#1607=EDGE_CURVE('',#2028,#2037,#77,.T.);
#1608=EDGE_CURVE('',#2038,#2038,#2317,.T.);
#1609=EDGE_CURVE('',#2039,#2039,#2318,.F.);
#1610=EDGE_CURVE('',#2040,#2041,#2319,.T.);
#1611=EDGE_CURVE('',#2042,#2040,#2320,.F.);
#1612=EDGE_CURVE('',#2043,#2042,#78,.T.);
#1613=EDGE_CURVE('',#2043,#2044,#79,.T.);
#1614=EDGE_CURVE('',#2044,#2045,#2321,.T.);
#1615=EDGE_CURVE('',#2045,#2046,#80,.T.);
#1616=EDGE_CURVE('',#2046,#2041,#2322,.T.);
#1617=EDGE_CURVE('',#2047,#2047,#2323,.T.);
#1618=EDGE_CURVE('',#2048,#2049,#81,.T.);
#1619=EDGE_CURVE('',#2048,#2050,#2324,.F.);
#1620=EDGE_CURVE('',#2051,#2050,#2325,.F.);
#1621=EDGE_CURVE('',#2051,#2052,#82,.T.);
#1622=EDGE_CURVE('',#2053,#2052,#2326,.T.);
#1623=EDGE_CURVE('',#2054,#2053,#83,.T.);
#1624=EDGE_CURVE('',#2054,#2055,#84,.T.);
#1625=EDGE_CURVE('',#2056,#2055,#85,.T.);
#1626=EDGE_CURVE('',#2049,#2056,#2327,.T.);
#1627=EDGE_CURVE('',#2057,#2057,#2328,.T.);
#1628=EDGE_CURVE('',#2058,#2059,#2329,.T.);
#1629=EDGE_CURVE('',#2058,#2060,#2330,.T.);
#1630=EDGE_CURVE('',#2061,#2060,#86,.T.);
#1631=EDGE_CURVE('',#2062,#2061,#2331,.T.);
#1632=EDGE_CURVE('',#2063,#2062,#87,.T.);
#1633=EDGE_CURVE('',#2063,#2064,#88,.T.);
#1634=EDGE_CURVE('',#2064,#2059,#2332,.F.);
#1635=EDGE_CURVE('',#2065,#2065,#2333,.T.);
#1636=EDGE_CURVE('',#2066,#2067,#2334,.F.);
#1637=EDGE_CURVE('',#2066,#2068,#2335,.F.);
#1638=EDGE_CURVE('',#2068,#2069,#89,.T.);
#1639=EDGE_CURVE('',#2069,#2070,#2336,.T.);
#1640=EDGE_CURVE('',#2070,#2071,#90,.T.);
#1641=EDGE_CURVE('',#2072,#2071,#91,.T.);
#1642=EDGE_CURVE('',#2072,#2073,#92,.T.);
#1643=EDGE_CURVE('',#2073,#2074,#2337,.T.);
#1644=EDGE_CURVE('',#2067,#2074,#93,.T.);
#1645=EDGE_CURVE('',#2075,#2076,#56,.T.);
#1646=EDGE_CURVE('',#2075,#2077,#94,.T.);
#1647=EDGE_CURVE('',#2077,#2078,#57,.F.);
#1648=EDGE_CURVE('',#2079,#2078,#95,.T.);
#1649=EDGE_CURVE('',#2080,#2079,#96,.T.);
#1650=EDGE_CURVE('',#2081,#2080,#97,.T.);
#1651=EDGE_CURVE('',#2081,#2082,#98,.T.);
#1652=EDGE_CURVE('',#2082,#2076,#99,.T.);
#1653=EDGE_CURVE('',#2083,#2084,#100,.T.);
#1654=EDGE_CURVE('',#2085,#2083,#101,.T.);
#1655=EDGE_CURVE('',#2085,#2082,#102,.T.);
#1656=EDGE_CURVE('',#2086,#2081,#103,.T.);
#1657=EDGE_CURVE('',#2087,#2086,#104,.T.);
#1658=EDGE_CURVE('',#2087,#2088,#105,.T.);
#1659=EDGE_CURVE('',#2089,#2088,#106,.T.);
#1660=EDGE_CURVE('',#2090,#2089,#107,.T.);
#1661=EDGE_CURVE('',#2091,#2090,#108,.T.);
#1662=EDGE_CURVE('',#2091,#2092,#109,.T.);
#1663=EDGE_CURVE('',#2092,#2093,#2338,.T.);
#1664=EDGE_CURVE('',#2084,#2093,#110,.T.);
#1665=EDGE_CURVE('',#2094,#2079,#111,.T.);
#1666=EDGE_CURVE('',#2094,#2095,#112,.T.);
#1667=EDGE_CURVE('',#2095,#2096,#113,.T.);
#1668=EDGE_CURVE('',#2096,#2097,#114,.T.);
#1669=EDGE_CURVE('',#2098,#2097,#2339,.T.);
#1670=EDGE_CURVE('',#2099,#2098,#115,.T.);
#1671=EDGE_CURVE('',#2099,#2100,#116,.T.);
#1672=EDGE_CURVE('',#2100,#2101,#117,.T.);
#1673=EDGE_CURVE('',#2101,#2102,#118,.T.);
#1674=EDGE_CURVE('',#2103,#2102,#119,.T.);
#1675=EDGE_CURVE('',#2103,#2104,#120,.T.);
#1676=EDGE_CURVE('',#2104,#2080,#121,.T.);
#1677=EDGE_CURVE('',#2105,#2105,#2340,.T.);
#1678=EDGE_CURVE('',#2106,#2106,#2341,.F.);
#1679=EDGE_CURVE('',#2107,#2107,#2342,.F.);
#1680=EDGE_CURVE('',#2108,#2108,#2343,.T.);
#1681=EDGE_CURVE('',#2109,#2110,#122,.T.);
#1682=EDGE_CURVE('',#2111,#2109,#123,.T.);
#1683=EDGE_CURVE('',#2111,#2112,#124,.T.);
#1684=EDGE_CURVE('',#2112,#2110,#125,.T.);
#1685=EDGE_CURVE('',#2113,#2114,#126,.T.);
#1686=EDGE_CURVE('',#2114,#2115,#127,.T.);
#1687=EDGE_CURVE('',#2116,#2115,#128,.T.);
#1688=EDGE_CURVE('',#2116,#2113,#129,.T.);
#1689=EDGE_CURVE('',#2117,#2118,#130,.T.);
#1690=EDGE_CURVE('',#2117,#2119,#131,.T.);
#1691=EDGE_CURVE('',#2119,#2120,#132,.T.);
#1692=EDGE_CURVE('',#2118,#2120,#133,.T.);
#1693=EDGE_CURVE('',#2121,#2122,#134,.T.);
#1694=EDGE_CURVE('',#2121,#2123,#135,.T.);
#1695=EDGE_CURVE('',#2123,#2124,#136,.T.);
#1696=EDGE_CURVE('',#2122,#2124,#137,.T.);
#1697=EDGE_CURVE('',#2029,#2109,#138,.T.);
#1698=EDGE_CURVE('',#2111,#2028,#139,.T.);
#1699=EDGE_CURVE('',#2033,#2115,#140,.T.);
#1700=EDGE_CURVE('',#2032,#2116,#141,.T.);
#1701=EDGE_CURVE('',#2030,#2122,#142,.T.);
#1702=EDGE_CURVE('',#2031,#2124,#143,.T.);
#1703=EDGE_CURVE('',#2125,#2125,#2344,.T.);
#1704=EDGE_CURVE('',#2126,#2126,#2345,.T.);
#1705=EDGE_CURVE('',#2127,#2128,#144,.T.);
#1706=EDGE_CURVE('',#2129,#2127,#145,.T.);
#1707=EDGE_CURVE('',#2129,#2130,#146,.T.);
#1708=EDGE_CURVE('',#2130,#2131,#147,.T.);
#1709=EDGE_CURVE('',#2132,#2131,#148,.T.);
#1710=EDGE_CURVE('',#2133,#2132,#149,.T.);
#1711=EDGE_CURVE('',#2134,#2133,#150,.T.);
#1712=EDGE_CURVE('',#2134,#2135,#2346,.T.);
#1713=EDGE_CURVE('',#2136,#2135,#151,.T.);
#1714=EDGE_CURVE('',#2136,#2137,#152,.T.);
#1715=EDGE_CURVE('',#2138,#2137,#153,.T.);
#1716=EDGE_CURVE('',#2138,#2139,#2347,.T.);
#1717=EDGE_CURVE('',#2140,#2139,#154,.T.);
#1718=EDGE_CURVE('',#2140,#2141,#155,.T.);
#1719=EDGE_CURVE('',#2141,#2142,#156,.T.);
#1720=EDGE_CURVE('',#2143,#2142,#2348,.T.);
#1721=EDGE_CURVE('',#2143,#2144,#157,.T.);
#1722=EDGE_CURVE('',#2145,#2144,#158,.T.);
#1723=EDGE_CURVE('',#2146,#2145,#159,.T.);
#1724=EDGE_CURVE('',#2146,#2147,#2349,.T.);
#1725=EDGE_CURVE('',#2147,#2148,#160,.T.);
#1726=EDGE_CURVE('',#2148,#2128,#161,.T.);
#1727=EDGE_CURVE('',#2149,#2149,#2350,.T.);
#1728=EDGE_CURVE('',#2150,#2150,#2351,.T.);
#1729=EDGE_CURVE('',#2141,#2151,#162,.T.);
#1730=EDGE_CURVE('',#2152,#2151,#163,.T.);
#1731=EDGE_CURVE('',#2152,#2144,#164,.T.);
#1732=EDGE_CURVE('',#2153,#2143,#165,.T.);
#1733=EDGE_CURVE('',#2154,#2153,#166,.T.);
#1734=EDGE_CURVE('',#2155,#2154,#167,.T.);
#1735=EDGE_CURVE('',#2156,#2155,#168,.T.);
#1736=EDGE_CURVE('',#2142,#2156,#169,.F.);
#1737=EDGE_CURVE('',#2157,#2158,#170,.T.);
#1738=EDGE_CURVE('',#2159,#2157,#171,.T.);
#1739=EDGE_CURVE('',#2159,#2160,#172,.T.);
#1740=EDGE_CURVE('',#2160,#2158,#173,.T.);
#1741=EDGE_CURVE('',#2161,#2147,#58,.T.);
#1742=EDGE_CURVE('',#2148,#2161,#174,.T.);
#1743=EDGE_CURVE('',#2162,#2163,#175,.T.);
#1744=EDGE_CURVE('',#2164,#2163,#176,.T.);
#1745=EDGE_CURVE('',#2164,#2165,#177,.T.);
#1746=EDGE_CURVE('',#2165,#2166,#178,.T.);
#1747=EDGE_CURVE('',#2166,#2152,#179,.T.);
#1748=EDGE_CURVE('',#2151,#2167,#180,.T.);
#1749=EDGE_CURVE('',#2162,#2167,#181,.T.);
#1750=EDGE_CURVE('',#2168,#2169,#182,.T.);
#1751=EDGE_CURVE('',#2169,#2165,#183,.T.);
#1752=EDGE_CURVE('',#2168,#2164,#184,.T.);
#1753=EDGE_CURVE('',#2134,#2170,#59,.T.);
#1754=EDGE_CURVE('',#2170,#2133,#185,.T.);
#1755=EDGE_CURVE('',#2171,#2132,#186,.T.);
#1756=EDGE_CURVE('',#2172,#2171,#187,.T.);
#1757=EDGE_CURVE('',#2173,#2172,#188,.T.);
#1758=EDGE_CURVE('',#2173,#2170,#189,.T.);
#1759=EDGE_CURVE('',#2174,#2175,#190,.T.);
#1760=EDGE_CURVE('',#2176,#2174,#191,.T.);
#1761=EDGE_CURVE('',#2177,#2176,#192,.T.);
#1762=EDGE_CURVE('',#2177,#2178,#2352,.T.);
#1763=EDGE_CURVE('',#2179,#2178,#193,.T.);
#1764=EDGE_CURVE('',#2179,#2180,#194,.T.);
#1765=EDGE_CURVE('',#2180,#2181,#195,.T.);
#1766=EDGE_CURVE('',#2182,#2181,#196,.T.);
#1767=EDGE_CURVE('',#2183,#2182,#2353,.T.);
#1768=EDGE_CURVE('',#2183,#2175,#197,.T.);
#1769=EDGE_CURVE('',#2175,#2184,#198,.T.);
#1770=EDGE_CURVE('',#2183,#2185,#199,.T.);
#1771=EDGE_CURVE('',#2185,#2184,#200,.T.);
#1772=EDGE_CURVE('',#2186,#2174,#201,.T.);
#1773=EDGE_CURVE('',#2186,#2176,#202,.T.);
#1774=EDGE_CURVE('',#2187,#2162,#203,.T.);
#1775=EDGE_CURVE('',#2140,#2167,#204,.T.);
#1776=EDGE_CURVE('',#2139,#2188,#205,.F.);
#1777=EDGE_CURVE('',#2189,#2188,#206,.T.);
#1778=EDGE_CURVE('',#2190,#2189,#207,.T.);
#1779=EDGE_CURVE('',#2190,#2191,#208,.T.);
#1780=EDGE_CURVE('',#2192,#2191,#209,.T.);
#1781=EDGE_CURVE('',#2193,#2192,#210,.T.);
#1782=EDGE_CURVE('',#2193,#2194,#211,.T.);
#1783=EDGE_CURVE('',#2194,#2195,#212,.T.);
#1784=EDGE_CURVE('',#2195,#2196,#213,.T.);
#1785=EDGE_CURVE('',#2197,#2196,#214,.T.);
#1786=EDGE_CURVE('',#2197,#2138,#215,.T.);
#1787=EDGE_CURVE('',#2137,#2198,#216,.T.);
#1788=EDGE_CURVE('',#2198,#2199,#217,.T.);
#1789=EDGE_CURVE('',#2181,#2199,#218,.T.);
#1790=EDGE_CURVE('',#2180,#2200,#219,.T.);
#1791=EDGE_CURVE('',#2200,#2187,#220,.T.);
#1792=EDGE_CURVE('',#2201,#2202,#221,.T.);
#1793=EDGE_CURVE('',#2203,#2201,#2354,.T.);
#1794=EDGE_CURVE('',#2203,#2204,#222,.T.);
#1795=EDGE_CURVE('',#2204,#2173,#223,.T.);
#1796=EDGE_CURVE('',#2090,#2172,#224,.T.);
#1797=EDGE_CURVE('',#2089,#2202,#225,.T.);
#1798=EDGE_CURVE('',#2205,#2206,#2355,.T.);
#1799=EDGE_CURVE('',#2205,#2207,#226,.T.);
#1800=EDGE_CURVE('',#2208,#2207,#227,.T.);
#1801=EDGE_CURVE('',#2209,#2208,#228,.T.);
#1802=EDGE_CURVE('',#2209,#2210,#2356,.F.);
#1803=EDGE_CURVE('',#2210,#2211,#229,.T.);
#1804=EDGE_CURVE('',#2088,#2211,#230,.T.);
#1805=EDGE_CURVE('',#2087,#2103,#231,.T.);
#1806=EDGE_CURVE('',#2212,#2102,#232,.T.);
#1807=EDGE_CURVE('',#2206,#2212,#233,.T.);
#1808=EDGE_CURVE('',#2101,#2213,#234,.T.);
#1809=EDGE_CURVE('',#2213,#2212,#235,.T.);
#1810=EDGE_CURVE('',#2214,#2207,#236,.T.);
#1811=EDGE_CURVE('',#2215,#2214,#237,.T.);
#1812=EDGE_CURVE('',#2169,#2215,#238,.T.);
#1813=EDGE_CURVE('',#2173,#2168,#239,.T.);
#1814=EDGE_CURVE('',#2204,#2208,#240,.T.);
#1815=EDGE_CURVE('',#2157,#2216,#241,.T.);
#1816=EDGE_CURVE('',#2158,#2217,#242,.T.);
#1817=EDGE_CURVE('',#2216,#2217,#243,.T.);
#1818=EDGE_CURVE('',#2099,#2055,#244,.T.);
#1819=EDGE_CURVE('',#2218,#2054,#245,.T.);
#1820=EDGE_CURVE('',#2218,#2219,#246,.T.);
#1821=EDGE_CURVE('',#2220,#2219,#247,.T.);
#1822=EDGE_CURVE('',#2221,#2220,#248,.T.);
#1823=EDGE_CURVE('',#2221,#2100,#249,.T.);
#1824=EDGE_CURVE('',#2222,#2223,#250,.T.);
#1825=EDGE_CURVE('',#2223,#2224,#251,.T.);
#1826=EDGE_CURVE('',#2225,#2224,#252,.T.);
#1827=EDGE_CURVE('',#2222,#2225,#253,.T.);
#1828=EDGE_CURVE('',#2226,#2226,#2357,.T.);
#1829=EDGE_CURVE('',#2227,#2077,#254,.T.);
#1830=EDGE_CURVE('',#2227,#2228,#255,.T.);
#1831=EDGE_CURVE('',#2228,#2040,#256,.T.);
#1832=EDGE_CURVE('',#2040,#2048,#257,.T.);
#1833=EDGE_CURVE('',#2229,#2049,#258,.T.);
#1834=EDGE_CURVE('',#2230,#2229,#2358,.T.);
#1835=EDGE_CURVE('',#2097,#2230,#259,.T.);
#1836=EDGE_CURVE('',#2231,#2096,#260,.T.);
#1837=EDGE_CURVE('',#2077,#2231,#2359,.T.);
#1838=EDGE_CURVE('',#2232,#2232,#2360,.T.);
#1839=EDGE_CURVE('',#2233,#2233,#2361,.T.);
#1840=EDGE_CURVE('',#2234,#2235,#261,.T.);
#1841=EDGE_CURVE('',#2234,#2075,#262,.T.);
#1842=EDGE_CURVE('',#2075,#2236,#2362,.T.);
#1843=EDGE_CURVE('',#2236,#2084,#263,.T.);
#1844=EDGE_CURVE('',#2093,#2237,#264,.T.);
#1845=EDGE_CURVE('',#2237,#2238,#2363,.T.);
#1846=EDGE_CURVE('',#2238,#2069,#265,.T.);
#1847=EDGE_CURVE('',#2059,#2068,#266,.T.);
#1848=EDGE_CURVE('',#2235,#2059,#267,.T.);
#1849=EDGE_CURVE('',#2239,#2239,#2364,.T.);
#1850=EDGE_CURVE('',#2135,#2240,#268,.F.);
#1851=EDGE_CURVE('',#2241,#2240,#269,.T.);
#1852=EDGE_CURVE('',#2242,#2241,#270,.T.);
#1853=EDGE_CURVE('',#2243,#2242,#271,.T.);
#1854=EDGE_CURVE('',#2168,#2243,#272,.T.);
#1855=EDGE_CURVE('',#2244,#2163,#273,.T.);
#1856=EDGE_CURVE('',#2186,#2244,#274,.T.);
#1857=EDGE_CURVE('',#2245,#2184,#275,.T.);
#1858=EDGE_CURVE('',#2136,#2245,#276,.T.);
#1859=EDGE_CURVE('',#2170,#2246,#60,.T.);
#1860=EDGE_CURVE('',#2243,#2246,#277,.T.);
#1861=EDGE_CURVE('',#2086,#2104,#278,.T.);
#1862=EDGE_CURVE('',#2202,#2211,#279,.T.);
#1863=EDGE_CURVE('',#2091,#2071,#280,.T.);
#1864=EDGE_CURVE('',#2092,#2070,#281,.T.);
#1865=EDGE_CURVE('',#2238,#2247,#12,.T.);
#1866=EDGE_CURVE('',#2248,#2247,#282,.T.);
#1867=EDGE_CURVE('',#2248,#2237,#13,.T.);
#1868=EDGE_CURVE('',#2249,#2064,#283,.T.);
#1869=EDGE_CURVE('',#2249,#2235,#2365,.T.);
#1870=EDGE_CURVE('',#2063,#2250,#284,.T.);
#1871=EDGE_CURVE('',#2250,#2249,#285,.T.);
#1872=EDGE_CURVE('',#2061,#2074,#286,.T.);
#1873=EDGE_CURVE('',#2062,#2073,#287,.T.);
#1874=EDGE_CURVE('',#2250,#2251,#288,.T.);
#1875=EDGE_CURVE('',#2252,#2072,#289,.T.);
#1876=EDGE_CURVE('',#2252,#2253,#290,.T.);
#1877=EDGE_CURVE('',#2251,#2253,#291,.T.);
#1878=EDGE_CURVE('',#2252,#2254,#292,.T.);
#1879=EDGE_CURVE('',#2131,#2254,#293,.T.);
#1880=EDGE_CURVE('',#2255,#2130,#294,.T.);
#1881=EDGE_CURVE('',#2253,#2255,#295,.T.);
#1882=EDGE_CURVE('',#2215,#2221,#296,.T.);
#1883=EDGE_CURVE('',#2256,#2214,#297,.T.);
#1884=EDGE_CURVE('',#2256,#2257,#2366,.T.);
#1885=EDGE_CURVE('',#2257,#2213,#298,.T.);
#1886=EDGE_CURVE('',#2171,#2254,#299,.T.);
#1887=EDGE_CURVE('',#2258,#2259,#300,.T.);
#1888=EDGE_CURVE('',#2258,#2260,#301,.T.);
#1889=EDGE_CURVE('',#2260,#2261,#302,.T.);
#1890=EDGE_CURVE('',#2259,#2261,#303,.T.);
#1891=EDGE_CURVE('',#2262,#2129,#304,.T.);
#1892=EDGE_CURVE('',#2255,#2262,#305,.T.);
#1893=EDGE_CURVE('',#2263,#2262,#306,.T.);
#1894=EDGE_CURVE('',#2264,#2263,#307,.T.);
#1895=EDGE_CURVE('',#2120,#2264,#308,.T.);
#1896=EDGE_CURVE('',#2265,#2119,#309,.T.);
#1897=EDGE_CURVE('',#2266,#2265,#310,.T.);
#1898=EDGE_CURVE('',#2266,#2114,#311,.T.);
#1899=EDGE_CURVE('',#2267,#2113,#312,.T.);
#1900=EDGE_CURVE('',#2268,#2267,#313,.T.);
#1901=EDGE_CURVE('',#2268,#2123,#314,.T.);
#1902=EDGE_CURVE('',#2269,#2121,#315,.T.);
#1903=EDGE_CURVE('',#2270,#2269,#316,.T.);
#1904=EDGE_CURVE('',#2270,#2110,#317,.T.);
#1905=EDGE_CURVE('',#2112,#2251,#318,.T.);
#1906=EDGE_CURVE('',#2034,#2117,#319,.T.);
#1907=EDGE_CURVE('',#2118,#2035,#320,.T.);
#1908=EDGE_CURVE('',#2037,#2234,#321,.T.);
#1909=EDGE_CURVE('',#2060,#2067,#322,.F.);
#1910=EDGE_CURVE('',#2248,#2247,#2367,.T.);
#1911=EDGE_CURVE('',#2271,#2271,#2368,.T.);
#1912=EDGE_CURVE('',#2098,#2056,#323,.T.);
#1913=EDGE_CURVE('',#2272,#2230,#14,.T.);
#1914=EDGE_CURVE('',#2272,#2273,#324,.T.);
#1915=EDGE_CURVE('',#2229,#2273,#15,.T.);
#1916=EDGE_CURVE('',#2274,#2228,#2369,.T.);
#1917=EDGE_CURVE('',#2274,#2042,#325,.T.);
#1918=EDGE_CURVE('',#2275,#2274,#326,.T.);
#1919=EDGE_CURVE('',#2043,#2275,#327,.T.);
#1920=EDGE_CURVE('',#2044,#2053,#328,.T.);
#1921=EDGE_CURVE('',#2045,#2052,#329,.T.);
#1922=EDGE_CURVE('',#2275,#2264,#330,.T.);
#1923=EDGE_CURVE('',#2218,#2263,#331,.T.);
#1924=EDGE_CURVE('',#2219,#2127,#332,.T.);
#1925=EDGE_CURVE('',#2036,#2227,#333,.T.);
#1926=EDGE_CURVE('',#2051,#2046,#334,.T.);
#1927=EDGE_CURVE('',#2272,#2273,#2370,.T.);
#1928=EDGE_CURVE('',#2276,#2276,#2371,.T.);
#1929=EDGE_CURVE('',#2277,#2159,#335,.T.);
#1930=EDGE_CURVE('',#2277,#2278,#336,.T.);
#1931=EDGE_CURVE('',#2160,#2278,#337,.T.);
#1932=EDGE_CURVE('',#2216,#2277,#61,.F.);
#1933=EDGE_CURVE('',#2278,#2217,#2372,.T.);
#1934=EDGE_CURVE('',#2279,#2280,#338,.F.);
#1935=EDGE_CURVE('',#2281,#2279,#339,.T.);
#1936=EDGE_CURVE('',#2282,#2281,#340,.T.);
#1937=EDGE_CURVE('',#2282,#2190,#341,.T.);
#1938=EDGE_CURVE('',#2189,#2280,#342,.T.);
#1939=EDGE_CURVE('',#2283,#2196,#343,.T.);
#1940=EDGE_CURVE('',#2284,#2195,#344,.T.);
#1941=EDGE_CURVE('',#2284,#2283,#345,.T.);
#1942=EDGE_CURVE('',#2281,#2283,#2373,.T.);
#1943=EDGE_CURVE('',#2282,#2284,#2374,.T.);
#1944=EDGE_CURVE('',#2285,#2286,#2375,.T.);
#1945=EDGE_CURVE('',#2285,#2286,#62,.T.);
#1946=EDGE_CURVE('',#2287,#2287,#2376,.T.);
#1947=EDGE_CURVE('',#2194,#2288,#346,.T.);
#1948=EDGE_CURVE('',#2288,#2285,#347,.T.);
#1949=EDGE_CURVE('',#2286,#2289,#348,.T.);
#1950=EDGE_CURVE('',#2191,#2289,#349,.T.);
#1951=EDGE_CURVE('',#2197,#2279,#2377,.T.);
#1952=EDGE_CURVE('',#2185,#2290,#2378,.T.);
#1953=EDGE_CURVE('',#2182,#2290,#350,.T.);
#1954=EDGE_CURVE('',#2290,#2199,#351,.T.);
#1955=EDGE_CURVE('',#2177,#2178,#63,.T.);
#1956=EDGE_CURVE('',#2291,#2291,#2379,.T.);
#1957=EDGE_CURVE('',#2245,#2198,#352,.T.);
#1958=EDGE_CURVE('',#2187,#2244,#353,.T.);
#1959=EDGE_CURVE('',#2200,#2179,#354,.T.);
#1960=EDGE_CURVE('',#2288,#2193,#355,.T.);
#1961=EDGE_CURVE('',#2289,#2192,#356,.T.);
#1962=EDGE_CURVE('',#2292,#2223,#357,.T.);
#1963=EDGE_CURVE('',#2292,#2293,#358,.T.);
#1964=EDGE_CURVE('',#2293,#2224,#359,.T.);
#1965=EDGE_CURVE('',#2294,#2222,#360,.T.);
#1966=EDGE_CURVE('',#2294,#2292,#361,.T.);
#1967=EDGE_CURVE('',#2295,#2225,#362,.T.);
#1968=EDGE_CURVE('',#2294,#2295,#363,.T.);
#1969=EDGE_CURVE('',#2295,#2293,#364,.T.);
#1970=EDGE_CURVE('',#2296,#2258,#365,.T.);
#1971=EDGE_CURVE('',#2296,#2297,#366,.T.);
#1972=EDGE_CURVE('',#2297,#2260,#367,.T.);
#1973=EDGE_CURVE('',#2298,#2259,#368,.T.);
#1974=EDGE_CURVE('',#2296,#2298,#369,.T.);
#1975=EDGE_CURVE('',#2299,#2261,#370,.T.);
#1976=EDGE_CURVE('',#2298,#2299,#371,.T.);
#1977=EDGE_CURVE('',#2297,#2299,#372,.T.);
#1978=EDGE_CURVE('',#2206,#2257,#373,.T.);
#1979=EDGE_CURVE('',#2205,#2256,#374,.T.);
#1980=EDGE_CURVE('',#2209,#2203,#375,.T.);
#1981=EDGE_CURVE('',#2210,#2201,#376,.T.);
#1982=EDGE_CURVE('',#2246,#2240,#2380,.T.);
#1983=EDGE_CURVE('',#2242,#2241,#2381,.T.);
#1984=EDGE_CURVE('',#2241,#2242,#2382,.T.);
#1985=EDGE_CURVE('',#2220,#2128,#377,.T.);
#1986=EDGE_CURVE('',#2161,#2215,#378,.T.);
#1987=EDGE_CURVE('',#2300,#2161,#64,.T.);
#1988=EDGE_CURVE('',#2300,#2301,#379,.T.);
#1989=EDGE_CURVE('',#2301,#2169,#380,.T.);
#1990=EDGE_CURVE('',#2166,#2145,#381,.T.);
#1991=EDGE_CURVE('',#2146,#2302,#382,.F.);
#1992=EDGE_CURVE('',#2301,#2303,#383,.T.);
#1993=EDGE_CURVE('',#2303,#2304,#384,.T.);
#1994=EDGE_CURVE('',#2304,#2302,#385,.T.);
#1995=EDGE_CURVE('',#2302,#2300,#2383,.T.);
#1996=EDGE_CURVE('',#2303,#2304,#2384,.T.);
#1997=EDGE_CURVE('',#2304,#2303,#2385,.T.);
#1998=EDGE_CURVE('',#2280,#2188,#2386,.T.);
#1999=EDGE_CURVE('',#2153,#2156,#2387,.T.);
#2000=EDGE_CURVE('',#2154,#2155,#2388,.T.);
#2001=EDGE_CURVE('',#2155,#2154,#2389,.T.);
#2002=EDGE_CURVE('',#2305,#2305,#2390,.T.);
#2003=EDGE_CURVE('',#2032,#2267,#386,.T.);
#2004=EDGE_CURVE('',#2268,#2031,#387,.T.);
#2005=EDGE_CURVE('',#2034,#2265,#388,.T.);
#2006=EDGE_CURVE('',#2266,#2033,#389,.T.);
#2007=EDGE_CURVE('',#2269,#2030,#390,.T.);
#2008=EDGE_CURVE('',#2029,#2270,#391,.T.);
#2009=EDGE_CURVE('',#2306,#2095,#392,.T.);
#2010=EDGE_CURVE('',#2306,#2231,#393,.T.);
#2011=EDGE_CURVE('',#2307,#2306,#2391,.T.);
#2012=EDGE_CURVE('',#2307,#2078,#394,.T.);
#2013=EDGE_CURVE('',#2307,#2094,#395,.T.);
#2014=EDGE_CURVE('',#2308,#2308,#2392,.T.);
#2015=EDGE_CURVE('',#2309,#2076,#396,.T.);
#2016=EDGE_CURVE('',#2309,#2310,#2393,.T.);
#2017=EDGE_CURVE('',#2310,#2236,#397,.T.);
#2018=EDGE_CURVE('',#2310,#2083,#398,.T.);
#2019=EDGE_CURVE('',#2311,#2311,#2394,.T.);
#2020=EDGE_CURVE('',#2309,#2085,#399,.T.);
#2021=EDGE_CURVE('',#2066,#2058,#400,.T.);
#2022=EDGE_CURVE('',#2050,#2041,#401,.T.);
#2023=EDGE_CURVE('',#2312,#2312,#65,.F.);
#2024=EDGE_CURVE('',#2313,#2313,#66,.F.);
#2025=EDGE_CURVE('',#2314,#2314,#67,.T.);
#2026=VERTEX_POINT('',#4217);
#2027=VERTEX_POINT('',#4219);
#2028=VERTEX_POINT('',#4221);
#2029=VERTEX_POINT('',#4222);
#2030=VERTEX_POINT('',#4224);
#2031=VERTEX_POINT('',#4226);
#2032=VERTEX_POINT('',#4228);
#2033=VERTEX_POINT('',#4230);
#2034=VERTEX_POINT('',#4232);
#2035=VERTEX_POINT('',#4234);
#2036=VERTEX_POINT('',#4236);
#2037=VERTEX_POINT('',#4238);
#2038=VERTEX_POINT('',#4241);
#2039=VERTEX_POINT('',#4244);
#2040=VERTEX_POINT('',#4246);
#2041=VERTEX_POINT('',#4247);
#2042=VERTEX_POINT('',#4249);
#2043=VERTEX_POINT('',#4251);
#2044=VERTEX_POINT('',#4253);
#2045=VERTEX_POINT('',#4255);
#2046=VERTEX_POINT('',#4257);
#2047=VERTEX_POINT('',#4261);
#2048=VERTEX_POINT('',#4263);
#2049=VERTEX_POINT('',#4264);
#2050=VERTEX_POINT('',#4266);
#2051=VERTEX_POINT('',#4268);
#2052=VERTEX_POINT('',#4270);
#2053=VERTEX_POINT('',#4272);
#2054=VERTEX_POINT('',#4274);
#2055=VERTEX_POINT('',#4276);
#2056=VERTEX_POINT('',#4278);
#2057=VERTEX_POINT('',#4282);
#2058=VERTEX_POINT('',#4284);
#2059=VERTEX_POINT('',#4285);
#2060=VERTEX_POINT('',#4287);
#2061=VERTEX_POINT('',#4289);
#2062=VERTEX_POINT('',#4291);
#2063=VERTEX_POINT('',#4293);
#2064=VERTEX_POINT('',#4295);
#2065=VERTEX_POINT('',#4299);
#2066=VERTEX_POINT('',#4301);
#2067=VERTEX_POINT('',#4302);
#2068=VERTEX_POINT('',#4304);
#2069=VERTEX_POINT('',#4306);
#2070=VERTEX_POINT('',#4308);
#2071=VERTEX_POINT('',#4310);
#2072=VERTEX_POINT('',#4312);
#2073=VERTEX_POINT('',#4314);
#2074=VERTEX_POINT('',#4316);
#2075=VERTEX_POINT('',#4320);
#2076=VERTEX_POINT('',#4321);
#2077=VERTEX_POINT('',#4323);
#2078=VERTEX_POINT('',#4325);
#2079=VERTEX_POINT('',#4327);
#2080=VERTEX_POINT('',#4329);
#2081=VERTEX_POINT('',#4331);
#2082=VERTEX_POINT('',#4333);
#2083=VERTEX_POINT('',#4337);
#2084=VERTEX_POINT('',#4338);
#2085=VERTEX_POINT('',#4340);
#2086=VERTEX_POINT('',#4343);
#2087=VERTEX_POINT('',#4345);
#2088=VERTEX_POINT('',#4347);
#2089=VERTEX_POINT('',#4349);
#2090=VERTEX_POINT('',#4351);
#2091=VERTEX_POINT('',#4353);
#2092=VERTEX_POINT('',#4355);
#2093=VERTEX_POINT('',#4357);
#2094=VERTEX_POINT('',#4361);
#2095=VERTEX_POINT('',#4363);
#2096=VERTEX_POINT('',#4365);
#2097=VERTEX_POINT('',#4367);
#2098=VERTEX_POINT('',#4369);
#2099=VERTEX_POINT('',#4371);
#2100=VERTEX_POINT('',#4373);
#2101=VERTEX_POINT('',#4375);
#2102=VERTEX_POINT('',#4377);
#2103=VERTEX_POINT('',#4379);
#2104=VERTEX_POINT('',#4381);
#2105=VERTEX_POINT('',#4385);
#2106=VERTEX_POINT('',#4387);
#2107=VERTEX_POINT('',#4392);
#2108=VERTEX_POINT('',#4394);
#2109=VERTEX_POINT('',#4397);
#2110=VERTEX_POINT('',#4398);
#2111=VERTEX_POINT('',#4400);
#2112=VERTEX_POINT('',#4402);
#2113=VERTEX_POINT('',#4406);
#2114=VERTEX_POINT('',#4407);
#2115=VERTEX_POINT('',#4409);
#2116=VERTEX_POINT('',#4411);
#2117=VERTEX_POINT('',#4415);
#2118=VERTEX_POINT('',#4416);
#2119=VERTEX_POINT('',#4418);
#2120=VERTEX_POINT('',#4420);
#2121=VERTEX_POINT('',#4424);
#2122=VERTEX_POINT('',#4425);
#2123=VERTEX_POINT('',#4427);
#2124=VERTEX_POINT('',#4429);
#2125=VERTEX_POINT('',#4442);
#2126=VERTEX_POINT('',#4444);
#2127=VERTEX_POINT('',#4446);
#2128=VERTEX_POINT('',#4447);
#2129=VERTEX_POINT('',#4449);
#2130=VERTEX_POINT('',#4451);
#2131=VERTEX_POINT('',#4453);
#2132=VERTEX_POINT('',#4455);
#2133=VERTEX_POINT('',#4457);
#2134=VERTEX_POINT('',#4459);
#2135=VERTEX_POINT('',#4461);
#2136=VERTEX_POINT('',#4463);
#2137=VERTEX_POINT('',#4465);
#2138=VERTEX_POINT('',#4467);
#2139=VERTEX_POINT('',#4469);
#2140=VERTEX_POINT('',#4471);
#2141=VERTEX_POINT('',#4473);
#2142=VERTEX_POINT('',#4475);
#2143=VERTEX_POINT('',#4477);
#2144=VERTEX_POINT('',#4479);
#2145=VERTEX_POINT('',#4481);
#2146=VERTEX_POINT('',#4483);
#2147=VERTEX_POINT('',#4485);
#2148=VERTEX_POINT('',#4487);
#2149=VERTEX_POINT('',#4490);
#2150=VERTEX_POINT('',#4492);
#2151=VERTEX_POINT('',#4495);
#2152=VERTEX_POINT('',#4497);
#2153=VERTEX_POINT('',#4500);
#2154=VERTEX_POINT('',#4502);
#2155=VERTEX_POINT('',#4504);
#2156=VERTEX_POINT('',#4506);
#2157=VERTEX_POINT('',#4509);
#2158=VERTEX_POINT('',#4510);
#2159=VERTEX_POINT('',#4512);
#2160=VERTEX_POINT('',#4514);
#2161=VERTEX_POINT('',#4518);
#2162=VERTEX_POINT('',#4522);
#2163=VERTEX_POINT('',#4523);
#2164=VERTEX_POINT('',#4525);
#2165=VERTEX_POINT('',#4527);
#2166=VERTEX_POINT('',#4529);
#2167=VERTEX_POINT('',#4532);
#2168=VERTEX_POINT('',#4536);
#2169=VERTEX_POINT('',#4537);
#2170=VERTEX_POINT('',#4542);
#2171=VERTEX_POINT('',#4546);
#2172=VERTEX_POINT('',#4548);
#2173=VERTEX_POINT('',#4550);
#2174=VERTEX_POINT('',#4554);
#2175=VERTEX_POINT('',#4555);
#2176=VERTEX_POINT('',#4557);
#2177=VERTEX_POINT('',#4559);
#2178=VERTEX_POINT('',#4561);
#2179=VERTEX_POINT('',#4563);
#2180=VERTEX_POINT('',#4565);
#2181=VERTEX_POINT('',#4567);
#2182=VERTEX_POINT('',#4569);
#2183=VERTEX_POINT('',#4571);
#2184=VERTEX_POINT('',#4575);
#2185=VERTEX_POINT('',#4577);
#2186=VERTEX_POINT('',#4581);
#2187=VERTEX_POINT('',#4585);
#2188=VERTEX_POINT('',#4588);
#2189=VERTEX_POINT('',#4590);
#2190=VERTEX_POINT('',#4592);
#2191=VERTEX_POINT('',#4594);
#2192=VERTEX_POINT('',#4596);
#2193=VERTEX_POINT('',#4598);
#2194=VERTEX_POINT('',#4600);
#2195=VERTEX_POINT('',#4602);
#2196=VERTEX_POINT('',#4604);
#2197=VERTEX_POINT('',#4606);
#2198=VERTEX_POINT('',#4609);
#2199=VERTEX_POINT('',#4611);
#2200=VERTEX_POINT('',#4614);
#2201=VERTEX_POINT('',#4618);
#2202=VERTEX_POINT('',#4619);
#2203=VERTEX_POINT('',#4621);
#2204=VERTEX_POINT('',#4623);
#2205=VERTEX_POINT('',#4629);
#2206=VERTEX_POINT('',#4630);
#2207=VERTEX_POINT('',#4632);
#2208=VERTEX_POINT('',#4634);
#2209=VERTEX_POINT('',#4636);
#2210=VERTEX_POINT('',#4638);
#2211=VERTEX_POINT('',#4640);
#2212=VERTEX_POINT('',#4644);
#2213=VERTEX_POINT('',#4648);
#2214=VERTEX_POINT('',#4652);
#2215=VERTEX_POINT('',#4654);
#2216=VERTEX_POINT('',#4660);
#2217=VERTEX_POINT('',#4662);
#2218=VERTEX_POINT('',#4667);
#2219=VERTEX_POINT('',#4669);
#2220=VERTEX_POINT('',#4671);
#2221=VERTEX_POINT('',#4673);
#2222=VERTEX_POINT('',#4676);
#2223=VERTEX_POINT('',#4677);
#2224=VERTEX_POINT('',#4679);
#2225=VERTEX_POINT('',#4681);
#2226=VERTEX_POINT('',#4685);
#2227=VERTEX_POINT('',#4687);
#2228=VERTEX_POINT('',#4689);
#2229=VERTEX_POINT('',#4693);
#2230=VERTEX_POINT('',#4695);
#2231=VERTEX_POINT('',#4698);
#2232=VERTEX_POINT('',#4701);
#2233=VERTEX_POINT('',#4704);
#2234=VERTEX_POINT('',#4706);
#2235=VERTEX_POINT('',#4707);
#2236=VERTEX_POINT('',#4710);
#2237=VERTEX_POINT('',#4713);
#2238=VERTEX_POINT('',#4715);
#2239=VERTEX_POINT('',#4720);
#2240=VERTEX_POINT('',#4723);
#2241=VERTEX_POINT('',#4725);
#2242=VERTEX_POINT('',#4727);
#2243=VERTEX_POINT('',#4729);
#2244=VERTEX_POINT('',#4732);
#2245=VERTEX_POINT('',#4735);
#2246=VERTEX_POINT('',#4739);
#2247=VERTEX_POINT('',#4755);
#2248=VERTEX_POINT('',#4757);
#2249=VERTEX_POINT('',#4765);
#2250=VERTEX_POINT('',#4769);
#2251=VERTEX_POINT('',#4776);
#2252=VERTEX_POINT('',#4778);
#2253=VERTEX_POINT('',#4780);
#2254=VERTEX_POINT('',#4784);
#2255=VERTEX_POINT('',#4787);
#2256=VERTEX_POINT('',#4792);
#2257=VERTEX_POINT('',#4794);
#2258=VERTEX_POINT('',#4799);
#2259=VERTEX_POINT('',#4800);
#2260=VERTEX_POINT('',#4802);
#2261=VERTEX_POINT('',#4804);
#2262=VERTEX_POINT('',#4808);
#2263=VERTEX_POINT('',#4812);
#2264=VERTEX_POINT('',#4814);
#2265=VERTEX_POINT('',#4817);
#2266=VERTEX_POINT('',#4819);
#2267=VERTEX_POINT('',#4822);
#2268=VERTEX_POINT('',#4824);
#2269=VERTEX_POINT('',#4827);
#2270=VERTEX_POINT('',#4829);
#2271=VERTEX_POINT('',#4845);
#2272=VERTEX_POINT('',#4855);
#2273=VERTEX_POINT('',#4857);
#2274=VERTEX_POINT('',#4865);
#2275=VERTEX_POINT('',#4869);
#2276=VERTEX_POINT('',#4888);
#2277=VERTEX_POINT('',#4892);
#2278=VERTEX_POINT('',#4894);
#2279=VERTEX_POINT('',#4902);
#2280=VERTEX_POINT('',#4903);
#2281=VERTEX_POINT('',#4905);
#2282=VERTEX_POINT('',#4907);
#2283=VERTEX_POINT('',#4912);
#2284=VERTEX_POINT('',#4914);
#2285=VERTEX_POINT('',#4921);
#2286=VERTEX_POINT('',#4922);
#2287=VERTEX_POINT('',#4925);
#2288=VERTEX_POINT('',#4928);
#2289=VERTEX_POINT('',#4931);
#2290=VERTEX_POINT('',#4938);
#2291=VERTEX_POINT('',#4945);
#2292=VERTEX_POINT('',#4960);
#2293=VERTEX_POINT('',#4962);
#2294=VERTEX_POINT('',#4966);
#2295=VERTEX_POINT('',#4970);
#2296=VERTEX_POINT('',#4977);
#2297=VERTEX_POINT('',#4979);
#2298=VERTEX_POINT('',#4983);
#2299=VERTEX_POINT('',#4987);
#2300=VERTEX_POINT('',#5018);
#2301=VERTEX_POINT('',#5020);
#2302=VERTEX_POINT('',#5026);
#2303=VERTEX_POINT('',#5028);
#2304=VERTEX_POINT('',#5030);
#2305=VERTEX_POINT('',#5051);
#2306=VERTEX_POINT('',#5070);
#2307=VERTEX_POINT('',#5074);
#2308=VERTEX_POINT('',#5080);
#2309=VERTEX_POINT('',#5084);
#2310=VERTEX_POINT('',#5086);
#2311=VERTEX_POINT('',#5092);
#2312=VERTEX_POINT('',#5104);
#2313=VERTEX_POINT('',#5108);
#2314=VERTEX_POINT('',#5112);
#2315=CIRCLE('',#3111,0.0008);
#2316=CIRCLE('',#3112,0.0008);
#2317=CIRCLE('',#3113,0.0008);
#2318=CIRCLE('',#3115,0.0013);
#2319=CIRCLE('',#3116,0.03);
#2320=CIRCLE('',#3117,0.0312479903711688);
#2321=CIRCLE('',#3118,0.0038);
#2322=CIRCLE('',#3119,0.0038);
#2323=CIRCLE('',#3121,0.0013);
#2324=CIRCLE('',#3122,0.03);
#2325=CIRCLE('',#3123,0.0038);
#2326=CIRCLE('',#3124,0.0038);
#2327=CIRCLE('',#3125,0.0332479903711688);
#2328=CIRCLE('',#3127,0.0013);
#2329=CIRCLE('',#3128,0.03);
#2330=CIRCLE('',#3129,0.0038);
#2331=CIRCLE('',#3130,0.0038);
#2332=CIRCLE('',#3131,0.0312479903711688);
#2333=CIRCLE('',#3133,0.0013);
#2334=CIRCLE('',#3134,0.0038);
#2335=CIRCLE('',#3135,0.03);
#2336=CIRCLE('',#3136,0.0332479903711688);
#2337=CIRCLE('',#3137,0.0038);
#2338=CIRCLE('',#3142,0.0332479903711688);
#2339=CIRCLE('',#3144,0.0332479903711688);
#2340=CIRCLE('',#3146,0.0013);
#2341=CIRCLE('',#3147,0.0013);
#2342=CIRCLE('',#3151,0.0013);
#2343=CIRCLE('',#3152,0.0013);
#2344=CIRCLE('',#3161,0.00085);
#2345=CIRCLE('',#3162,0.00085);
#2346=CIRCLE('',#3163,0.0027);
#2347=CIRCLE('',#3164,0.0027);
#2348=CIRCLE('',#3165,0.0027);
#2349=CIRCLE('',#3166,0.0027);
#2350=CIRCLE('',#3167,0.00085);
#2351=CIRCLE('',#3168,0.00085);
#2352=CIRCLE('',#3178,0.0014);
#2353=CIRCLE('',#3179,0.003);
#2354=CIRCLE('',#3184,0.00225000000000008);
#2355=CIRCLE('',#3186,0.00225000000000008);
#2356=CIRCLE('',#3187,0.00225000000000008);
#2357=CIRCLE('',#3193,0.00085);
#2358=CIRCLE('',#3194,0.0025);
#2359=CIRCLE('',#3195,0.00245);
#2360=CIRCLE('',#3196,0.00085);
#2361=CIRCLE('',#3198,0.00085);
#2362=CIRCLE('',#3199,0.00245);
#2363=CIRCLE('',#3200,0.0025);
#2364=CIRCLE('',#3201,0.00085);
#2365=CIRCLE('',#3211,0.0312479903711688);
#2366=CIRCLE('',#3217,0.00225000000000008);
#2367=CIRCLE('',#3226,0.0025);
#2368=CIRCLE('',#3229,0.00085);
#2369=CIRCLE('',#3234,0.0312479903711688);
#2370=CIRCLE('',#3242,0.0025);
#2371=CIRCLE('',#3245,0.00085);
#2372=CIRCLE('',#3250,0.0015);
#2373=CIRCLE('',#3255,0.003);
#2374=CIRCLE('',#3256,0.003);
#2375=CIRCLE('',#3258,0.0014);
#2376=CIRCLE('',#3260,0.0014);
#2377=CIRCLE('',#3263,0.0027);
#2378=CIRCLE('',#3266,0.003);
#2379=CIRCLE('',#3270,0.0014);
#2380=CIRCLE('',#3298,0.0027);
#2381=CIRCLE('',#3300,0.00085);
#2382=CIRCLE('',#3302,0.00085);
#2383=CIRCLE('',#3311,0.0027);
#2384=CIRCLE('',#3313,0.00085);
#2385=CIRCLE('',#3315,0.00085);
#2386=CIRCLE('',#3318,0.0027);
#2387=CIRCLE('',#3321,0.0027);
#2388=CIRCLE('',#3323,0.00085);
#2389=CIRCLE('',#3325,0.00085);
#2390=CIRCLE('',#3328,0.00085);
#2391=CIRCLE('',#3341,0.00245);
#2392=CIRCLE('',#3344,0.00085);
#2393=CIRCLE('',#3347,0.00245);
#2394=CIRCLE('',#3350,0.00085);
#2395=EDGE_LOOP('',(#736));
#2396=EDGE_LOOP('',(#737));
#2397=EDGE_LOOP('',(#738,#739,#740,#741,#742,#743,#744,#745,#746,#747));
#2398=EDGE_LOOP('',(#748));
#2399=EDGE_LOOP('',(#749));
#2400=EDGE_LOOP('',(#750,#751,#752,#753,#754,#755,#756));
#2401=EDGE_LOOP('',(#757));
#2402=EDGE_LOOP('',(#758,#759,#760,#761,#762,#763,#764,#765,#766));
#2403=EDGE_LOOP('',(#767));
#2404=EDGE_LOOP('',(#768,#769,#770,#771,#772,#773,#774));
#2405=EDGE_LOOP('',(#775));
#2406=EDGE_LOOP('',(#776,#777,#778,#779,#780,#781,#782,#783,#784));
#2407=EDGE_LOOP('',(#785,#786,#787,#788,#789,#790,#791,#792));
#2408=EDGE_LOOP('',(#793,#794,#795,#796,#797,#798,#799,#800,#801,#802,#803,
#804,#805));
#2409=EDGE_LOOP('',(#806,#807,#808,#809,#810,#811,#812,#813,#814,#815,#816,
#817,#818));
#2410=EDGE_LOOP('',(#819));
#2411=EDGE_LOOP('',(#820));
#2412=EDGE_LOOP('',(#821));
#2413=EDGE_LOOP('',(#822));
#2414=EDGE_LOOP('',(#823));
#2415=EDGE_LOOP('',(#824));
#2416=EDGE_LOOP('',(#825));
#2417=EDGE_LOOP('',(#826));
#2418=EDGE_LOOP('',(#827,#828,#829,#830));
#2419=EDGE_LOOP('',(#831,#832,#833,#834));
#2420=EDGE_LOOP('',(#835,#836,#837,#838));
#2421=EDGE_LOOP('',(#839,#840,#841,#842));
#2422=EDGE_LOOP('',(#843,#844,#845,#846));
#2423=EDGE_LOOP('',(#847,#848,#849,#850));
#2424=EDGE_LOOP('',(#851,#852,#853,#854));
#2425=EDGE_LOOP('',(#855));
#2426=EDGE_LOOP('',(#856));
#2427=EDGE_LOOP('',(#857,#858,#859,#860,#861,#862,#863,#864,#865,#866,#867,
#868,#869,#870,#871,#872,#873,#874,#875,#876,#877,#878));
#2428=EDGE_LOOP('',(#879));
#2429=EDGE_LOOP('',(#880));
#2430=EDGE_LOOP('',(#881,#882,#883,#884,#885,#886,#887,#888,#889,#890));
#2431=EDGE_LOOP('',(#891));
#2432=EDGE_LOOP('',(#892,#893,#894,#895));
#2433=EDGE_LOOP('',(#896,#897,#898));
#2434=EDGE_LOOP('',(#899,#900,#901,#902,#903,#904,#905,#906));
#2435=EDGE_LOOP('',(#907,#908,#909,#910));
#2436=EDGE_LOOP('',(#911,#912,#913));
#2437=EDGE_LOOP('',(#914,#915,#916,#917,#918,#919));
#2438=EDGE_LOOP('',(#920,#921,#922,#923,#924,#925,#926,#927,#928,#929));
#2439=EDGE_LOOP('',(#930,#931,#932,#933));
#2440=EDGE_LOOP('',(#934,#935,#936));
#2441=EDGE_LOOP('',(#937,#938,#939,#940,#941,#942,#943,#944,#945,#946,#947,
#948,#949,#950,#951,#952,#953,#954,#955,#956,#957,#958));
#2442=EDGE_LOOP('',(#959));
#2443=EDGE_LOOP('',(#960,#961,#962,#963,#964,#965,#966,#967));
#2444=EDGE_LOOP('',(#968,#969,#970,#971,#972,#973,#974,#975,#976,#977,#978,
#979));
#2445=EDGE_LOOP('',(#980,#981,#982,#983));
#2446=EDGE_LOOP('',(#984,#985,#986,#987,#988,#989,#990,#991));
#2447=EDGE_LOOP('',(#992,#993,#994,#995));
#2448=EDGE_LOOP('',(#996,#997,#998,#999,#1000,#1001,#1002,#1003));
#2449=EDGE_LOOP('',(#1004,#1005,#1006,#1007));
#2450=EDGE_LOOP('',(#1008));
#2451=EDGE_LOOP('',(#1009,#1010,#1011,#1012,#1013,#1014,#1015,#1016,#1017,
#1018,#1019));
#2452=EDGE_LOOP('',(#1020));
#2453=EDGE_LOOP('',(#1021));
#2454=EDGE_LOOP('',(#1022,#1023,#1024,#1025,#1026,#1027,#1028,#1029,#1030,
#1031,#1032));
#2455=EDGE_LOOP('',(#1033));
#2456=EDGE_LOOP('',(#1034,#1035,#1036,#1037,#1038,#1039,#1040,#1041,#1042,
#1043,#1044,#1045,#1046,#1047,#1048));
#2457=EDGE_LOOP('',(#1049,#1050,#1051,#1052,#1053));
#2458=EDGE_LOOP('',(#1054,#1055,#1056,#1057));
#2459=EDGE_LOOP('',(#1058,#1059,#1060,#1061));
#2460=EDGE_LOOP('',(#1062,#1063,#1064,#1065));
#2461=EDGE_LOOP('',(#1066,#1067,#1068,#1069));
#2462=EDGE_LOOP('',(#1070,#1071,#1072,#1073,#1074,#1075,#1076,#1077));
#2463=EDGE_LOOP('',(#1078,#1079,#1080,#1081));
#2464=EDGE_LOOP('',(#1082,#1083,#1084,#1085));
#2465=EDGE_LOOP('',(#1086,#1087,#1088,#1089));
#2466=EDGE_LOOP('',(#1090,#1091,#1092,#1093,#1094,#1095,#1096,#1097));
#2467=EDGE_LOOP('',(#1098,#1099,#1100,#1101,#1102,#1103));
#2468=EDGE_LOOP('',(#1104));
#2469=EDGE_LOOP('',(#1105,#1106,#1107,#1108,#1109,#1110,#1111,#1112));
#2470=EDGE_LOOP('',(#1113,#1114,#1115,#1116,#1117,#1118,#1119,#1120));
#2471=EDGE_LOOP('',(#1121,#1122,#1123,#1124));
#2472=EDGE_LOOP('',(#1125,#1126,#1127,#1128));
#2473=EDGE_LOOP('',(#1129,#1130,#1131,#1132,#1133,#1134,#1135,#1136,#1137,
#1138,#1139,#1140,#1141,#1142,#1143,#1144,#1145,#1146,#1147,#1148));
#2474=EDGE_LOOP('',(#1149,#1150,#1151,#1152));
#2475=EDGE_LOOP('',(#1153,#1154,#1155,#1156));
#2476=EDGE_LOOP('',(#1157,#1158,#1159,#1160,#1161,#1162,#1163,#1164,#1165));
#2477=EDGE_LOOP('',(#1166,#1167,#1168,#1169));
#2478=EDGE_LOOP('',(#1170,#1171));
#2479=EDGE_LOOP('',(#1172,#1173,#1174,#1175));
#2480=EDGE_LOOP('',(#1176));
#2481=EDGE_LOOP('',(#1177));
#2482=EDGE_LOOP('',(#1178));
#2483=EDGE_LOOP('',(#1179,#1180,#1181,#1182));
#2484=EDGE_LOOP('',(#1183,#1184,#1185,#1186,#1187,#1188,#1189,#1190));
#2485=EDGE_LOOP('',(#1191,#1192,#1193,#1194));
#2486=EDGE_LOOP('',(#1195,#1196,#1197,#1198));
#2487=EDGE_LOOP('',(#1199,#1200,#1201,#1202));
#2488=EDGE_LOOP('',(#1203,#1204,#1205,#1206,#1207,#1208,#1209,#1210));
#2489=EDGE_LOOP('',(#1211,#1212,#1213,#1214,#1215,#1216));
#2490=EDGE_LOOP('',(#1217));
#2491=EDGE_LOOP('',(#1218,#1219,#1220,#1221,#1222,#1223,#1224,#1225,#1226));
#2492=EDGE_LOOP('',(#1227,#1228,#1229,#1230));
#2493=EDGE_LOOP('',(#1231,#1232));
#2494=EDGE_LOOP('',(#1233,#1234,#1235,#1236));
#2495=EDGE_LOOP('',(#1237));
#2496=EDGE_LOOP('',(#1238));
#2497=EDGE_LOOP('',(#1239));
#2498=EDGE_LOOP('',(#1240,#1241,#1242,#1243));
#2499=EDGE_LOOP('',(#1244,#1245,#1246,#1247));
#2500=EDGE_LOOP('',(#1248,#1249,#1250,#1251));
#2501=EDGE_LOOP('',(#1252,#1253,#1254,#1255,#1256,#1257));
#2502=EDGE_LOOP('',(#1258,#1259,#1260,#1261));
#2503=EDGE_LOOP('',(#1262,#1263,#1264,#1265));
#2504=EDGE_LOOP('',(#1266,#1267));
#2505=EDGE_LOOP('',(#1268));
#2506=EDGE_LOOP('',(#1269,#1270,#1271,#1272,#1273,#1274,#1275,#1276,#1277,
#1278));
#2507=EDGE_LOOP('',(#1279,#1280,#1281,#1282,#1283));
#2508=EDGE_LOOP('',(#1284));
#2509=EDGE_LOOP('',(#1285,#1286,#1287,#1288));
#2510=EDGE_LOOP('',(#1289,#1290,#1291,#1292));
#2511=EDGE_LOOP('',(#1293,#1294,#1295,#1296));
#2512=EDGE_LOOP('',(#1297,#1298));
#2513=EDGE_LOOP('',(#1299));
#2514=EDGE_LOOP('',(#1300,#1301,#1302,#1303,#1304,#1305));
#2515=EDGE_LOOP('',(#1306));
#2516=EDGE_LOOP('',(#1307,#1308,#1309,#1310,#1311,#1312,#1313,#1314));
#2517=EDGE_LOOP('',(#1315,#1316,#1317));
#2518=EDGE_LOOP('',(#1318,#1319,#1320,#1321,#1322,#1323));
#2519=EDGE_LOOP('',(#1324,#1325,#1326));
#2520=EDGE_LOOP('',(#1327,#1328,#1329));
#2521=EDGE_LOOP('',(#1330,#1331,#1332,#1333,#1334,#1335));
#2522=EDGE_LOOP('',(#1336,#1337,#1338,#1339));
#2523=EDGE_LOOP('',(#1340,#1341,#1342,#1343));
#2524=EDGE_LOOP('',(#1344,#1345,#1346,#1347));
#2525=EDGE_LOOP('',(#1348,#1349,#1350,#1351));
#2526=EDGE_LOOP('',(#1352,#1353,#1354,#1355));
#2527=EDGE_LOOP('',(#1356,#1357,#1358,#1359));
#2528=EDGE_LOOP('',(#1360,#1361,#1362,#1363));
#2529=EDGE_LOOP('',(#1364,#1365,#1366,#1367));
#2530=EDGE_LOOP('',(#1368,#1369,#1370,#1371));
#2531=EDGE_LOOP('',(#1372,#1373,#1374,#1375));
#2532=EDGE_LOOP('',(#1376,#1377,#1378,#1379));
#2533=EDGE_LOOP('',(#1380,#1381,#1382,#1383));
#2534=EDGE_LOOP('',(#1384,#1385,#1386,#1387));
#2535=EDGE_LOOP('',(#1388,#1389,#1390,#1391));
#2536=EDGE_LOOP('',(#1392,#1393,#1394,#1395));
#2537=EDGE_LOOP('',(#1396,#1397,#1398,#1399));
#2538=EDGE_LOOP('',(#1400,#1401,#1402,#1403));
#2539=EDGE_LOOP('',(#1404,#1405,#1406,#1407));
#2540=EDGE_LOOP('',(#1408,#1409,#1410,#1411));
#2541=EDGE_LOOP('',(#1412,#1413,#1414,#1415,#1416));
#2542=EDGE_LOOP('',(#1417,#1418,#1419,#1420,#1421));
#2543=EDGE_LOOP('',(#1422,#1423));
#2544=EDGE_LOOP('',(#1424,#1425));
#2545=EDGE_LOOP('',(#1426));
#2546=EDGE_LOOP('',(#1427,#1428,#1429,#1430));
#2547=EDGE_LOOP('',(#1431,#1432,#1433,#1434,#1435,#1436));
#2548=EDGE_LOOP('',(#1437,#1438,#1439,#1440,#1441));
#2549=EDGE_LOOP('',(#1442,#1443,#1444,#1445));
#2550=EDGE_LOOP('',(#1446,#1447,#1448,#1449,#1450,#1451,#1452,#1453,#1454));
#2551=EDGE_LOOP('',(#1455,#1456,#1457,#1458,#1459));
#2552=EDGE_LOOP('',(#1460,#1461,#1462,#1463,#1464));
#2553=EDGE_LOOP('',(#1465,#1466));
#2554=EDGE_LOOP('',(#1467));
#2555=EDGE_LOOP('',(#1468,#1469));
#2556=EDGE_LOOP('',(#1470,#1471,#1472));
#2557=EDGE_LOOP('',(#1473,#1474,#1475,#1476,#1477,#1478));
#2558=EDGE_LOOP('',(#1479,#1480,#1481,#1482));
#2559=EDGE_LOOP('',(#1483,#1484,#1485,#1486));
#2560=EDGE_LOOP('',(#1487,#1488));
#2561=EDGE_LOOP('',(#1489,#1490));
#2562=EDGE_LOOP('',(#1491));
#2563=EDGE_LOOP('',(#1492));
#2564=EDGE_LOOP('',(#1493));
#2565=EDGE_LOOP('',(#1494));
#2566=EDGE_LOOP('',(#1495,#1496,#1497,#1498));
#2567=EDGE_LOOP('',(#1499,#1500,#1501,#1502));
#2568=EDGE_LOOP('',(#1503,#1504,#1505,#1506));
#2569=EDGE_LOOP('',(#1507,#1508,#1509,#1510));
#2570=EDGE_LOOP('',(#1511,#1512,#1513,#1514));
#2571=EDGE_LOOP('',(#1515,#1516,#1517,#1518));
#2572=EDGE_LOOP('',(#1519,#1520,#1521,#1522));
#2573=EDGE_LOOP('',(#1523,#1524,#1525,#1526));
#2574=EDGE_LOOP('',(#1527,#1528,#1529,#1530));
#2575=EDGE_LOOP('',(#1531,#1532,#1533,#1534));
#2576=EDGE_LOOP('',(#1535,#1536,#1537,#1538,#1539));
#2577=EDGE_LOOP('',(#1540,#1541,#1542,#1543));
#2578=EDGE_LOOP('',(#1544));
#2579=EDGE_LOOP('',(#1545));
#2580=EDGE_LOOP('',(#1546,#1547,#1548,#1549));
#2581=EDGE_LOOP('',(#1550));
#2582=EDGE_LOOP('',(#1551,#1552,#1553,#1554,#1555));
#2583=EDGE_LOOP('',(#1556,#1557,#1558,#1559));
#2584=EDGE_LOOP('',(#1560));
#2585=EDGE_LOOP('',(#1561));
#2586=EDGE_LOOP('',(#1562,#1563,#1564,#1565));
#2587=EDGE_LOOP('',(#1566));
#2588=EDGE_LOOP('',(#1567,#1568,#1569,#1570));
#2589=EDGE_LOOP('',(#1571,#1572,#1573,#1574));
#2590=EDGE_LOOP('',(#1575,#1576,#1577,#1578));
#2591=EDGE_LOOP('',(#1579,#1580,#1581,#1582));
#2592=EDGE_LOOP('',(#1583,#1584,#1585,#1586));
#2593=EDGE_LOOP('',(#1587));
#2594=EDGE_LOOP('',(#1588));
#2595=EDGE_LOOP('',(#1589));
#2596=EDGE_LOOP('',(#1590));
#2597=EDGE_LOOP('',(#1591));
#2598=EDGE_LOOP('',(#1592));
#2599=EDGE_LOOP('',(#1593));
#2600=EDGE_LOOP('',(#1594));
#2601=EDGE_LOOP('',(#1595));
#2602=FACE_BOUND('',#2395,.T.);
#2603=FACE_BOUND('',#2396,.T.);
#2604=FACE_BOUND('',#2397,.T.);
#2605=FACE_BOUND('',#2398,.T.);
#2606=FACE_BOUND('',#2399,.T.);
#2607=FACE_BOUND('',#2400,.T.);
#2608=FACE_BOUND('',#2401,.T.);
#2609=FACE_BOUND('',#2402,.T.);
#2610=FACE_BOUND('',#2403,.T.);
#2611=FACE_BOUND('',#2404,.T.);
#2612=FACE_BOUND('',#2405,.T.);
#2613=FACE_BOUND('',#2406,.T.);
#2614=FACE_BOUND('',#2407,.T.);
#2615=FACE_BOUND('',#2408,.T.);
#2616=FACE_BOUND('',#2409,.T.);
#2617=FACE_BOUND('',#2410,.T.);
#2618=FACE_BOUND('',#2411,.T.);
#2619=FACE_BOUND('',#2412,.T.);
#2620=FACE_BOUND('',#2413,.T.);
#2621=FACE_BOUND('',#2414,.T.);
#2622=FACE_BOUND('',#2415,.T.);
#2623=FACE_BOUND('',#2416,.T.);
#2624=FACE_BOUND('',#2417,.T.);
#2625=FACE_BOUND('',#2418,.T.);
#2626=FACE_BOUND('',#2419,.T.);
#2627=FACE_BOUND('',#2420,.T.);
#2628=FACE_BOUND('',#2421,.T.);
#2629=FACE_BOUND('',#2422,.T.);
#2630=FACE_BOUND('',#2423,.T.);
#2631=FACE_BOUND('',#2424,.T.);
#2632=FACE_BOUND('',#2425,.T.);
#2633=FACE_BOUND('',#2426,.T.);
#2634=FACE_BOUND('',#2427,.T.);
#2635=FACE_BOUND('',#2428,.T.);
#2636=FACE_BOUND('',#2429,.T.);
#2637=FACE_BOUND('',#2430,.T.);
#2638=FACE_BOUND('',#2431,.T.);
#2639=FACE_BOUND('',#2432,.T.);
#2640=FACE_BOUND('',#2433,.T.);
#2641=FACE_BOUND('',#2434,.T.);
#2642=FACE_BOUND('',#2435,.T.);
#2643=FACE_BOUND('',#2436,.T.);
#2644=FACE_BOUND('',#2437,.T.);
#2645=FACE_BOUND('',#2438,.T.);
#2646=FACE_BOUND('',#2439,.T.);
#2647=FACE_BOUND('',#2440,.T.);
#2648=FACE_BOUND('',#2441,.T.);
#2649=FACE_BOUND('',#2442,.T.);
#2650=FACE_BOUND('',#2443,.T.);
#2651=FACE_BOUND('',#2444,.T.);
#2652=FACE_BOUND('',#2445,.T.);
#2653=FACE_BOUND('',#2446,.T.);
#2654=FACE_BOUND('',#2447,.T.);
#2655=FACE_BOUND('',#2448,.T.);
#2656=FACE_BOUND('',#2449,.T.);
#2657=FACE_BOUND('',#2450,.T.);
#2658=FACE_BOUND('',#2451,.T.);
#2659=FACE_BOUND('',#2452,.T.);
#2660=FACE_BOUND('',#2453,.T.);
#2661=FACE_BOUND('',#2454,.T.);
#2662=FACE_BOUND('',#2455,.T.);
#2663=FACE_BOUND('',#2456,.T.);
#2664=FACE_BOUND('',#2457,.T.);
#2665=FACE_BOUND('',#2458,.T.);
#2666=FACE_BOUND('',#2459,.T.);
#2667=FACE_BOUND('',#2460,.T.);
#2668=FACE_BOUND('',#2461,.T.);
#2669=FACE_BOUND('',#2462,.T.);
#2670=FACE_BOUND('',#2463,.T.);
#2671=FACE_BOUND('',#2464,.T.);
#2672=FACE_BOUND('',#2465,.T.);
#2673=FACE_BOUND('',#2466,.T.);
#2674=FACE_BOUND('',#2467,.T.);
#2675=FACE_BOUND('',#2468,.T.);
#2676=FACE_BOUND('',#2469,.T.);
#2677=FACE_BOUND('',#2470,.T.);
#2678=FACE_BOUND('',#2471,.T.);
#2679=FACE_BOUND('',#2472,.T.);
#2680=FACE_BOUND('',#2473,.T.);
#2681=FACE_BOUND('',#2474,.T.);
#2682=FACE_BOUND('',#2475,.T.);
#2683=FACE_BOUND('',#2476,.T.);
#2684=FACE_BOUND('',#2477,.T.);
#2685=FACE_BOUND('',#2478,.T.);
#2686=FACE_BOUND('',#2479,.T.);
#2687=FACE_BOUND('',#2480,.T.);
#2688=FACE_BOUND('',#2481,.T.);
#2689=FACE_BOUND('',#2482,.T.);
#2690=FACE_BOUND('',#2483,.T.);
#2691=FACE_BOUND('',#2484,.T.);
#2692=FACE_BOUND('',#2485,.T.);
#2693=FACE_BOUND('',#2486,.T.);
#2694=FACE_BOUND('',#2487,.T.);
#2695=FACE_BOUND('',#2488,.T.);
#2696=FACE_BOUND('',#2489,.T.);
#2697=FACE_BOUND('',#2490,.T.);
#2698=FACE_BOUND('',#2491,.T.);
#2699=FACE_BOUND('',#2492,.T.);
#2700=FACE_BOUND('',#2493,.T.);
#2701=FACE_BOUND('',#2494,.T.);
#2702=FACE_BOUND('',#2495,.T.);
#2703=FACE_BOUND('',#2496,.T.);
#2704=FACE_BOUND('',#2497,.T.);
#2705=FACE_BOUND('',#2498,.T.);
#2706=FACE_BOUND('',#2499,.T.);
#2707=FACE_BOUND('',#2500,.T.);
#2708=FACE_BOUND('',#2501,.T.);
#2709=FACE_BOUND('',#2502,.T.);
#2710=FACE_BOUND('',#2503,.T.);
#2711=FACE_BOUND('',#2504,.T.);
#2712=FACE_BOUND('',#2505,.T.);
#2713=FACE_BOUND('',#2506,.T.);
#2714=FACE_BOUND('',#2507,.T.);
#2715=FACE_BOUND('',#2508,.T.);
#2716=FACE_BOUND('',#2509,.T.);
#2717=FACE_BOUND('',#2510,.T.);
#2718=FACE_BOUND('',#2511,.T.);
#2719=FACE_BOUND('',#2512,.T.);
#2720=FACE_BOUND('',#2513,.T.);
#2721=FACE_BOUND('',#2514,.T.);
#2722=FACE_BOUND('',#2515,.T.);
#2723=FACE_BOUND('',#2516,.T.);
#2724=FACE_BOUND('',#2517,.T.);
#2725=FACE_BOUND('',#2518,.T.);
#2726=FACE_BOUND('',#2519,.T.);
#2727=FACE_BOUND('',#2520,.T.);
#2728=FACE_BOUND('',#2521,.T.);
#2729=FACE_BOUND('',#2522,.T.);
#2730=FACE_BOUND('',#2523,.T.);
#2731=FACE_BOUND('',#2524,.T.);
#2732=FACE_BOUND('',#2525,.T.);
#2733=FACE_BOUND('',#2526,.T.);
#2734=FACE_BOUND('',#2527,.T.);
#2735=FACE_BOUND('',#2528,.T.);
#2736=FACE_BOUND('',#2529,.T.);
#2737=FACE_BOUND('',#2530,.T.);
#2738=FACE_BOUND('',#2531,.T.);
#2739=FACE_BOUND('',#2532,.T.);
#2740=FACE_BOUND('',#2533,.T.);
#2741=FACE_BOUND('',#2534,.T.);
#2742=FACE_BOUND('',#2535,.T.);
#2743=FACE_BOUND('',#2536,.T.);
#2744=FACE_BOUND('',#2537,.T.);
#2745=FACE_BOUND('',#2538,.T.);
#2746=FACE_BOUND('',#2539,.T.);
#2747=FACE_BOUND('',#2540,.T.);
#2748=FACE_BOUND('',#2541,.T.);
#2749=FACE_BOUND('',#2542,.T.);
#2750=FACE_BOUND('',#2543,.T.);
#2751=FACE_BOUND('',#2544,.T.);
#2752=FACE_BOUND('',#2545,.T.);
#2753=FACE_BOUND('',#2546,.T.);
#2754=FACE_BOUND('',#2547,.T.);
#2755=FACE_BOUND('',#2548,.T.);
#2756=FACE_BOUND('',#2549,.T.);
#2757=FACE_BOUND('',#2550,.T.);
#2758=FACE_BOUND('',#2551,.T.);
#2759=FACE_BOUND('',#2552,.T.);
#2760=FACE_BOUND('',#2553,.T.);
#2761=FACE_BOUND('',#2554,.T.);
#2762=FACE_BOUND('',#2555,.T.);
#2763=FACE_BOUND('',#2556,.T.);
#2764=FACE_BOUND('',#2557,.T.);
#2765=FACE_BOUND('',#2558,.T.);
#2766=FACE_BOUND('',#2559,.T.);
#2767=FACE_BOUND('',#2560,.T.);
#2768=FACE_BOUND('',#2561,.T.);
#2769=FACE_BOUND('',#2562,.T.);
#2770=FACE_BOUND('',#2563,.T.);
#2771=FACE_BOUND('',#2564,.T.);
#2772=FACE_BOUND('',#2565,.T.);
#2773=FACE_BOUND('',#2566,.T.);
#2774=FACE_BOUND('',#2567,.T.);
#2775=FACE_BOUND('',#2568,.T.);
#2776=FACE_BOUND('',#2569,.T.);
#2777=FACE_BOUND('',#2570,.T.);
#2778=FACE_BOUND('',#2571,.T.);
#2779=FACE_BOUND('',#2572,.T.);
#2780=FACE_BOUND('',#2573,.T.);
#2781=FACE_BOUND('',#2574,.T.);
#2782=FACE_BOUND('',#2575,.T.);
#2783=FACE_BOUND('',#2576,.T.);
#2784=FACE_BOUND('',#2577,.T.);
#2785=FACE_BOUND('',#2578,.T.);
#2786=FACE_BOUND('',#2579,.T.);
#2787=FACE_BOUND('',#2580,.T.);
#2788=FACE_BOUND('',#2581,.T.);
#2789=FACE_BOUND('',#2582,.T.);
#2790=FACE_BOUND('',#2583,.T.);
#2791=FACE_BOUND('',#2584,.T.);
#2792=FACE_BOUND('',#2585,.T.);
#2793=FACE_BOUND('',#2586,.T.);
#2794=FACE_BOUND('',#2587,.T.);
#2795=FACE_BOUND('',#2588,.T.);
#2796=FACE_BOUND('',#2589,.T.);
#2797=FACE_BOUND('',#2590,.T.);
#2798=FACE_BOUND('',#2591,.T.);
#2799=FACE_BOUND('',#2592,.T.);
#2800=FACE_BOUND('',#2593,.T.);
#2801=FACE_BOUND('',#2594,.T.);
#2802=FACE_BOUND('',#2595,.T.);
#2803=FACE_BOUND('',#2596,.T.);
#2804=FACE_BOUND('',#2597,.T.);
#2805=FACE_BOUND('',#2598,.T.);
#2806=FACE_BOUND('',#2599,.T.);
#2807=FACE_BOUND('',#2600,.T.);
#2808=FACE_BOUND('',#2601,.T.);
#2809=PLANE('',#3110);
#2810=PLANE('',#3114);
#2811=PLANE('',#3120);
#2812=PLANE('',#3126);
#2813=PLANE('',#3132);
#2814=PLANE('',#3138);
#2815=PLANE('',#3141);
#2816=PLANE('',#3143);
#2817=PLANE('',#3153);
#2818=PLANE('',#3154);
#2819=PLANE('',#3155);
#2820=PLANE('',#3156);
#2821=PLANE('',#3157);
#2822=PLANE('',#3158);
#2823=PLANE('',#3159);
#2824=PLANE('',#3160);
#2825=PLANE('',#3169);
#2826=PLANE('',#3170);
#2827=PLANE('',#3172);
#2828=PLANE('',#3173);
#2829=PLANE('',#3174);
#2830=PLANE('',#3176);
#2831=PLANE('',#3177);
#2832=PLANE('',#3180);
#2833=PLANE('',#3181);
#2834=PLANE('',#3182);
#2835=PLANE('',#3183);
#2836=PLANE('',#3185);
#2837=PLANE('',#3188);
#2838=PLANE('',#3189);
#2839=PLANE('',#3190);
#2840=PLANE('',#3191);
#2841=PLANE('',#3192);
#2842=PLANE('',#3197);
#2843=PLANE('',#3202);
#2844=PLANE('',#3203);
#2845=PLANE('',#3205);
#2846=PLANE('',#3206);
#2847=PLANE('',#3207);
#2848=PLANE('',#3208);
#2849=PLANE('',#3212);
#2850=PLANE('',#3214);
#2851=PLANE('',#3215);
#2852=PLANE('',#3216);
#2853=PLANE('',#3218);
#2854=PLANE('',#3219);
#2855=PLANE('',#3220);
#2856=PLANE('',#3221);
#2857=PLANE('',#3222);
#2858=PLANE('',#3223);
#2859=PLANE('',#3224);
#2860=PLANE('',#3225);
#2861=PLANE('',#3230);
#2862=PLANE('',#3231);
#2863=PLANE('',#3235);
#2864=PLANE('',#3237);
#2865=PLANE('',#3238);
#2866=PLANE('',#3239);
#2867=PLANE('',#3240);
#2868=PLANE('',#3241);
#2869=PLANE('',#3246);
#2870=PLANE('',#3247);
#2871=PLANE('',#3251);
#2872=PLANE('',#3252);
#2873=PLANE('',#3253);
#2874=PLANE('',#3261);
#2875=PLANE('',#3262);
#2876=PLANE('',#3264);
#2877=PLANE('',#3267);
#2878=PLANE('',#3271);
#2879=PLANE('',#3272);
#2880=PLANE('',#3273);
#2881=PLANE('',#3274);
#2882=PLANE('',#3275);
#2883=PLANE('',#3276);
#2884=PLANE('',#3277);
#2885=PLANE('',#3278);
#2886=PLANE('',#3279);
#2887=PLANE('',#3280);
#2888=PLANE('',#3281);
#2889=PLANE('',#3282);
#2890=PLANE('',#3283);
#2891=PLANE('',#3284);
#2892=PLANE('',#3285);
#2893=PLANE('',#3286);
#2894=PLANE('',#3287);
#2895=PLANE('',#3288);
#2896=PLANE('',#3290);
#2897=PLANE('',#3291);
#2898=PLANE('',#3293);
#2899=PLANE('',#3294);
#2900=PLANE('',#3295);
#2901=PLANE('',#3296);
#2902=PLANE('',#3299);
#2903=PLANE('',#3301);
#2904=PLANE('',#3304);
#2905=PLANE('',#3305);
#2906=PLANE('',#3306);
#2907=PLANE('',#3308);
#2908=PLANE('',#3309);
#2909=PLANE('',#3312);
#2910=PLANE('',#3316);
#2911=PLANE('',#3317);
#2912=PLANE('',#3322);
#2913=PLANE('',#3324);
#2914=PLANE('',#3329);
#2915=PLANE('',#3330);
#2916=PLANE('',#3331);
#2917=PLANE('',#3332);
#2918=PLANE('',#3333);
#2919=PLANE('',#3334);
#2920=PLANE('',#3335);
#2921=PLANE('',#3336);
#2922=PLANE('',#3337);
#2923=PLANE('',#3338);
#2924=PLANE('',#3339);
#2925=PLANE('',#3342);
#2926=PLANE('',#3345);
#2927=PLANE('',#3348);
#2928=PLANE('',#3351);
#2929=PLANE('',#3352);
#2930=PLANE('',#3359);
#2931=PLANE('',#3362);
#2932=PLANE('',#3365);
#2933=ADVANCED_FACE('',(#2602,#2603,#2604,#2605),#2809,.F.);
#2934=ADVANCED_FACE('',(#2606,#2607),#2810,.F.);
#2935=ADVANCED_FACE('',(#2608,#2609),#2811,.T.);
#2936=ADVANCED_FACE('',(#2610,#2611),#2812,.F.);
#2937=ADVANCED_FACE('',(#2612,#2613),#2813,.T.);
#2938=ADVANCED_FACE('',(#2614),#2814,.T.);
#2939=ADVANCED_FACE('',(#2615),#2815,.F.);
#2940=ADVANCED_FACE('',(#2616),#2816,.F.);
#2941=ADVANCED_FACE('',(#2617,#2618),#16,.F.);
#2942=ADVANCED_FACE('',(#2619,#2620),#17,.F.);
#2943=ADVANCED_FACE('',(#2621,#2622),#18,.F.);
#2944=ADVANCED_FACE('',(#2623,#2624),#19,.F.);
#2945=ADVANCED_FACE('',(#2625),#2817,.T.);
#2946=ADVANCED_FACE('',(#2626),#2818,.T.);
#2947=ADVANCED_FACE('',(#2627),#2819,.T.);
#2948=ADVANCED_FACE('',(#2628),#2820,.T.);
#2949=ADVANCED_FACE('',(#2629),#2821,.F.);
#2950=ADVANCED_FACE('',(#2630),#2822,.F.);
#2951=ADVANCED_FACE('',(#2631),#2823,.F.);
#2952=ADVANCED_FACE('',(#2632,#2633,#2634,#2635,#2636),#2824,.F.);
#2953=ADVANCED_FACE('',(#2637,#2638,#2639),#2825,.F.);
#2954=ADVANCED_FACE('',(#2640),#2826,.T.);
#2955=ADVANCED_FACE('',(#2641),#2827,.T.);
#2956=ADVANCED_FACE('',(#2642),#2828,.T.);
#2957=ADVANCED_FACE('',(#2643),#2829,.T.);
#2958=ADVANCED_FACE('',(#2644),#2830,.T.);
#2959=ADVANCED_FACE('',(#2645),#2831,.F.);
#2960=ADVANCED_FACE('',(#2646),#2832,.F.);
#2961=ADVANCED_FACE('',(#2647),#2833,.F.);
#2962=ADVANCED_FACE('',(#2648,#2649),#2834,.F.);
#2963=ADVANCED_FACE('',(#2650),#2835,.T.);
#2964=ADVANCED_FACE('',(#2651),#2836,.F.);
#2965=ADVANCED_FACE('',(#2652),#2837,.T.);
#2966=ADVANCED_FACE('',(#2653),#2838,.T.);
#2967=ADVANCED_FACE('',(#2654),#2839,.F.);
#2968=ADVANCED_FACE('',(#2655,#2656),#2840,.T.);
#2969=ADVANCED_FACE('',(#2657,#2658,#2659),#2841,.F.);
#2970=ADVANCED_FACE('',(#2660,#2661,#2662),#2842,.F.);
#2971=ADVANCED_FACE('',(#2663),#2843,.F.);
#2972=ADVANCED_FACE('',(#2664),#2844,.T.);
#2973=ADVANCED_FACE('',(#2665),#2845,.T.);
#2974=ADVANCED_FACE('',(#2666),#2846,.T.);
#2975=ADVANCED_FACE('',(#2667),#2847,.T.);
#2976=ADVANCED_FACE('',(#2668),#2848,.F.);
#2977=ADVANCED_FACE('',(#2669),#20,.T.);
#2978=ADVANCED_FACE('',(#2670),#21,.F.);
#2979=ADVANCED_FACE('',(#2671),#2849,.T.);
#2980=ADVANCED_FACE('',(#2672),#22,.T.);
#2981=ADVANCED_FACE('',(#2673),#2850,.F.);
#2982=ADVANCED_FACE('',(#2674,#2675),#2851,.T.);
#2983=ADVANCED_FACE('',(#2676),#2852,.T.);
#2984=ADVANCED_FACE('',(#2677,#2678),#2853,.T.);
#2985=ADVANCED_FACE('',(#2679),#2854,.T.);
#2986=ADVANCED_FACE('',(#2680),#2855,.T.);
#2987=ADVANCED_FACE('',(#2681),#2856,.F.);
#2988=ADVANCED_FACE('',(#2682),#2857,.T.);
#2989=ADVANCED_FACE('',(#2683),#2858,.T.);
#2990=ADVANCED_FACE('',(#2684),#2859,.F.);
#2991=ADVANCED_FACE('',(#2685),#2860,.F.);
#2992=ADVANCED_FACE('',(#2686),#23,.T.);
#2993=ADVANCED_FACE('',(#2687,#2688),#24,.F.);
#2994=ADVANCED_FACE('',(#2689),#2861,.T.);
#2995=ADVANCED_FACE('',(#2690),#2862,.F.);
#2996=ADVANCED_FACE('',(#2691),#25,.T.);
#2997=ADVANCED_FACE('',(#2692),#26,.F.);
#2998=ADVANCED_FACE('',(#2693),#2863,.T.);
#2999=ADVANCED_FACE('',(#2694),#27,.T.);
#3000=ADVANCED_FACE('',(#2695),#2864,.F.);
#3001=ADVANCED_FACE('',(#2696,#2697),#2865,.T.);
#3002=ADVANCED_FACE('',(#2698),#2866,.T.);
#3003=ADVANCED_FACE('',(#2699),#2867,.F.);
#3004=ADVANCED_FACE('',(#2700),#2868,.F.);
#3005=ADVANCED_FACE('',(#2701),#28,.T.);
#3006=ADVANCED_FACE('',(#2702,#2703),#29,.F.);
#3007=ADVANCED_FACE('',(#2704),#2869,.T.);
#3008=ADVANCED_FACE('',(#2705),#2870,.T.);
#3009=ADVANCED_FACE('',(#2706),#30,.T.);
#3010=ADVANCED_FACE('',(#2707),#2871,.T.);
#3011=ADVANCED_FACE('',(#2708),#2872,.T.);
#3012=ADVANCED_FACE('',(#2709),#2873,.F.);
#3013=ADVANCED_FACE('',(#2710),#31,.T.);
#3014=ADVANCED_FACE('',(#2711,#2712),#32,.F.);
#3015=ADVANCED_FACE('',(#2713),#2874,.F.);
#3016=ADVANCED_FACE('',(#2714,#2715),#2875,.T.);
#3017=ADVANCED_FACE('',(#2716),#2876,.F.);
#3018=ADVANCED_FACE('',(#2717),#33,.T.);
#3019=ADVANCED_FACE('',(#2718),#2877,.T.);
#3020=ADVANCED_FACE('',(#2719,#2720),#34,.F.);
#3021=ADVANCED_FACE('',(#2721,#2722),#2878,.T.);
#3022=ADVANCED_FACE('',(#2723),#2879,.T.);
#3023=ADVANCED_FACE('',(#2724),#2880,.T.);
#3024=ADVANCED_FACE('',(#2725),#2881,.T.);
#3025=ADVANCED_FACE('',(#2726),#2882,.T.);
#3026=ADVANCED_FACE('',(#2727),#2883,.F.);
#3027=ADVANCED_FACE('',(#2728),#2884,.T.);
#3028=ADVANCED_FACE('',(#2729),#2885,.T.);
#3029=ADVANCED_FACE('',(#2730),#2886,.T.);
#3030=ADVANCED_FACE('',(#2731),#2887,.F.);
#3031=ADVANCED_FACE('',(#2732),#2888,.F.);
#3032=ADVANCED_FACE('',(#2733),#2889,.T.);
#3033=ADVANCED_FACE('',(#2734),#2890,.T.);
#3034=ADVANCED_FACE('',(#2735),#2891,.F.);
#3035=ADVANCED_FACE('',(#2736),#2892,.F.);
#3036=ADVANCED_FACE('',(#2737),#2893,.T.);
#3037=ADVANCED_FACE('',(#2738),#2894,.T.);
#3038=ADVANCED_FACE('',(#2739),#2895,.F.);
#3039=ADVANCED_FACE('',(#2740),#35,.F.);
#3040=ADVANCED_FACE('',(#2741),#2896,.F.);
#3041=ADVANCED_FACE('',(#2742),#2897,.T.);
#3042=ADVANCED_FACE('',(#2743),#36,.F.);
#3043=ADVANCED_FACE('',(#2744),#2898,.T.);
#3044=ADVANCED_FACE('',(#2745),#2899,.F.);
#3045=ADVANCED_FACE('',(#2746),#2900,.T.);
#3046=ADVANCED_FACE('',(#2747),#2901,.T.);
#3047=ADVANCED_FACE('',(#2748),#37,.T.);
#3048=ADVANCED_FACE('',(#2749),#2902,.F.);
#3049=ADVANCED_FACE('',(#2750),#2903,.T.);
#3050=ADVANCED_FACE('',(#2751,#2752),#38,.F.);
#3051=ADVANCED_FACE('',(#2753),#2904,.F.);
#3052=ADVANCED_FACE('',(#2754),#2905,.F.);
#3053=ADVANCED_FACE('',(#2755),#2906,.T.);
#3054=ADVANCED_FACE('',(#2756),#2907,.T.);
#3055=ADVANCED_FACE('',(#2757),#2908,.T.);
#3056=ADVANCED_FACE('',(#2758),#39,.T.);
#3057=ADVANCED_FACE('',(#2759),#2909,.F.);
#3058=ADVANCED_FACE('',(#2760,#2761),#40,.F.);
#3059=ADVANCED_FACE('',(#2762),#2910,.T.);
#3060=ADVANCED_FACE('',(#2763),#2911,.F.);
#3061=ADVANCED_FACE('',(#2764),#41,.T.);
#3062=ADVANCED_FACE('',(#2765),#42,.T.);
#3063=ADVANCED_FACE('',(#2766),#2912,.F.);
#3064=ADVANCED_FACE('',(#2767),#2913,.T.);
#3065=ADVANCED_FACE('',(#2768,#2769),#43,.F.);
#3066=ADVANCED_FACE('',(#2770,#2771),#44,.F.);
#3067=ADVANCED_FACE('',(#2772),#2914,.T.);
#3068=ADVANCED_FACE('',(#2773),#2915,.T.);
#3069=ADVANCED_FACE('',(#2774),#2916,.T.);
#3070=ADVANCED_FACE('',(#2775),#2917,.T.);
#3071=ADVANCED_FACE('',(#2776),#2918,.T.);
#3072=ADVANCED_FACE('',(#2777),#2919,.T.);
#3073=ADVANCED_FACE('',(#2778),#2920,.T.);
#3074=ADVANCED_FACE('',(#2779),#2921,.F.);
#3075=ADVANCED_FACE('',(#2780),#2922,.F.);
#3076=ADVANCED_FACE('',(#2781),#2923,.T.);
#3077=ADVANCED_FACE('',(#2782),#2924,.F.);
#3078=ADVANCED_FACE('',(#2783),#45,.T.);
#3079=ADVANCED_FACE('',(#2784),#2925,.T.);
#3080=ADVANCED_FACE('',(#2785,#2786),#46,.F.);
#3081=ADVANCED_FACE('',(#2787,#2788),#2926,.F.);
#3082=ADVANCED_FACE('',(#2789),#47,.T.);
#3083=ADVANCED_FACE('',(#2790),#2927,.T.);
#3084=ADVANCED_FACE('',(#2791,#2792),#48,.F.);
#3085=ADVANCED_FACE('',(#2793),#2928,.F.);
#3086=ADVANCED_FACE('',(#2794,#2795),#2929,.F.);
#3087=ADVANCED_FACE('',(#2796),#49,.T.);
#3088=ADVANCED_FACE('',(#2797),#50,.F.);
#3089=ADVANCED_FACE('',(#2798),#51,.T.);
#3090=ADVANCED_FACE('',(#2799),#52,.F.);
#3091=ADVANCED_FACE('',(#2800,#2801),#53,.F.);
#3092=ADVANCED_FACE('',(#2802),#2930,.F.);
#3093=ADVANCED_FACE('',(#2803,#2804),#54,.F.);
#3094=ADVANCED_FACE('',(#2805),#2931,.F.);
#3095=ADVANCED_FACE('',(#2806,#2807),#55,.F.);
#3096=ADVANCED_FACE('',(#2808),#2932,.F.);
#3097=CLOSED_SHELL('',(#2933,#2934,#2935,#2936,#2937,#2938,#2939,#2940,
#2941,#2942,#2943,#2944,#2945,#2946,#2947,#2948,#2949,#2950,#2951,#2952,
#2953,#2954,#2955,#2956,#2957,#2958,#2959,#2960,#2961,#2962,#2963,#2964,
#2965,#2966,#2967,#2968,#2969,#2970,#2971,#2972,#2973,#2974,#2975,#2976,
#2977,#2978,#2979,#2980,#2981,#2982,#2983,#2984,#2985,#2986,#2987,#2988,
#2989,#2990,#2991,#2992,#2993,#2994,#2995,#2996,#2997,#2998,#2999,#3000,
#3001,#3002,#3003,#3004,#3005,#3006,#3007,#3008,#3009,#3010,#3011,#3012,
#3013,#3014,#3015,#3016,#3017,#3018,#3019,#3020,#3021,#3022,#3023,#3024,
#3025,#3026,#3027,#3028,#3029,#3030,#3031,#3032,#3033,#3034,#3035,#3036,
#3037,#3038,#3039,#3040,#3041,#3042,#3043,#3044,#3045,#3046,#3047,#3048,
#3049,#3050,#3051,#3052,#3053,#3054,#3055,#3056,#3057,#3058,#3059,#3060,
#3061,#3062,#3063,#3064,#3065,#3066,#3067,#3068,#3069,#3070,#3071,#3072,
#3073,#3074,#3075,#3076,#3077,#3078,#3079,#3080,#3081,#3082,#3083,#3084,
#3085,#3086,#3087,#3088,#3089,#3090,#3091,#3092,#3093,#3094,#3095,#3096));
#3098=STYLED_ITEM('',(#3099),#3106);
#3099=PRESENTATION_STYLE_ASSIGNMENT((#3100));
#3100=SURFACE_STYLE_USAGE(.BOTH.,#3101);
#3101=SURFACE_SIDE_STYLE('',(#3102));
#3102=SURFACE_STYLE_FILL_AREA(#3103);
#3103=FILL_AREA_STYLE('',(#3104));
#3104=FILL_AREA_STYLE_COLOUR('',#3105);
#3105=COLOUR_RGB('',0.501960784313726,0.501960784313726,0.501960784313726);
#3106=MANIFOLD_SOLID_BREP('chasis',#3097);
#3107=SHAPE_DEFINITION_REPRESENTATION(#5120,#3108);
#3108=SHAPE_REPRESENTATION('chasis',(#3109),#5115);
#3109=AXIS2_PLACEMENT_3D('',#4214,#3366,#3367);
#3110=AXIS2_PLACEMENT_3D('',#4215,#3368,#3369);
#3111=AXIS2_PLACEMENT_3D('',#4216,#3370,#3371);
#3112=AXIS2_PLACEMENT_3D('',#4218,#3372,#3373);
#3113=AXIS2_PLACEMENT_3D('',#4240,#3384,#3385);
#3114=AXIS2_PLACEMENT_3D('',#4242,#3386,#3387);
#3115=AXIS2_PLACEMENT_3D('',#4243,#3388,#3389);
#3116=AXIS2_PLACEMENT_3D('',#4245,#3390,#3391);
#3117=AXIS2_PLACEMENT_3D('',#4248,#3392,#3393);
#3118=AXIS2_PLACEMENT_3D('',#4254,#3396,#3397);
#3119=AXIS2_PLACEMENT_3D('',#4258,#3399,#3400);
#3120=AXIS2_PLACEMENT_3D('',#4259,#3401,#3402);
#3121=AXIS2_PLACEMENT_3D('',#4260,#3403,#3404);
#3122=AXIS2_PLACEMENT_3D('',#4265,#3406,#3407);
#3123=AXIS2_PLACEMENT_3D('',#4267,#3408,#3409);
#3124=AXIS2_PLACEMENT_3D('',#4271,#3411,#3412);
#3125=AXIS2_PLACEMENT_3D('',#4279,#3416,#3417);
#3126=AXIS2_PLACEMENT_3D('',#4280,#3418,#3419);
#3127=AXIS2_PLACEMENT_3D('',#4281,#3420,#3421);
#3128=AXIS2_PLACEMENT_3D('',#4283,#3422,#3423);
#3129=AXIS2_PLACEMENT_3D('',#4286,#3424,#3425);
#3130=AXIS2_PLACEMENT_3D('',#4290,#3427,#3428);
#3131=AXIS2_PLACEMENT_3D('',#4296,#3431,#3432);
#3132=AXIS2_PLACEMENT_3D('',#4297,#3433,#3434);
#3133=AXIS2_PLACEMENT_3D('',#4298,#3435,#3436);
#3134=AXIS2_PLACEMENT_3D('',#4300,#3437,#3438);
#3135=AXIS2_PLACEMENT_3D('',#4303,#3439,#3440);
#3136=AXIS2_PLACEMENT_3D('',#4307,#3442,#3443);
#3137=AXIS2_PLACEMENT_3D('',#4315,#3447,#3448);
#3138=AXIS2_PLACEMENT_3D('',#4318,#3450,#3451);
#3139=AXIS2_PLACEMENT_3D('',#4319,#3452,#3453);
#3140=AXIS2_PLACEMENT_3D('',#4324,#3455,#3456);
#3141=AXIS2_PLACEMENT_3D('',#4335,#3462,#3463);
#3142=AXIS2_PLACEMENT_3D('',#4356,#3474,#3475);
#3143=AXIS2_PLACEMENT_3D('',#4359,#3477,#3478);
#3144=AXIS2_PLACEMENT_3D('',#4368,#3483,#3484);
#3145=AXIS2_PLACEMENT_3D('',#4383,#3492,#3493);
#3146=AXIS2_PLACEMENT_3D('',#4384,#3494,#3495);
#3147=AXIS2_PLACEMENT_3D('',#4386,#3496,#3497);
#3148=AXIS2_PLACEMENT_3D('',#4388,#3498,#3499);
#3149=AXIS2_PLACEMENT_3D('',#4389,#3500,#3501);
#3150=AXIS2_PLACEMENT_3D('',#4390,#3502,#3503);
#3151=AXIS2_PLACEMENT_3D('',#4391,#3504,#3505);
#3152=AXIS2_PLACEMENT_3D('',#4393,#3506,#3507);
#3153=AXIS2_PLACEMENT_3D('',#4395,#3508,#3509);
#3154=AXIS2_PLACEMENT_3D('',#4404,#3514,#3515);
#3155=AXIS2_PLACEMENT_3D('',#4413,#3520,#3521);
#3156=AXIS2_PLACEMENT_3D('',#4422,#3526,#3527);
#3157=AXIS2_PLACEMENT_3D('',#4431,#3532,#3533);
#3158=AXIS2_PLACEMENT_3D('',#4434,#3536,#3537);
#3159=AXIS2_PLACEMENT_3D('',#4437,#3540,#3541);
#3160=AXIS2_PLACEMENT_3D('',#4440,#3544,#3545);
#3161=AXIS2_PLACEMENT_3D('',#4441,#3546,#3547);
#3162=AXIS2_PLACEMENT_3D('',#4443,#3548,#3549);
#3163=AXIS2_PLACEMENT_3D('',#4460,#3557,#3558);
#3164=AXIS2_PLACEMENT_3D('',#4468,#3562,#3563);
#3165=AXIS2_PLACEMENT_3D('',#4476,#3567,#3568);
#3166=AXIS2_PLACEMENT_3D('',#4484,#3572,#3573);
#3167=AXIS2_PLACEMENT_3D('',#4489,#3576,#3577);
#3168=AXIS2_PLACEMENT_3D('',#4491,#3578,#3579);
#3169=AXIS2_PLACEMENT_3D('',#4493,#3580,#3581);
#3170=AXIS2_PLACEMENT_3D('',#4516,#3594,#3595);
#3171=AXIS2_PLACEMENT_3D('',#4517,#3596,#3597);
#3172=AXIS2_PLACEMENT_3D('',#4520,#3599,#3600);
#3173=AXIS2_PLACEMENT_3D('',#4534,#3608,#3609);
#3174=AXIS2_PLACEMENT_3D('',#4540,#3613,#3614);
#3175=AXIS2_PLACEMENT_3D('',#4541,#3615,#3616);
#3176=AXIS2_PLACEMENT_3D('',#4544,#3618,#3619);
#3177=AXIS2_PLACEMENT_3D('',#4552,#3624,#3625);
#3178=AXIS2_PLACEMENT_3D('',#4560,#3629,#3630);
#3179=AXIS2_PLACEMENT_3D('',#4570,#3635,#3636);
#3180=AXIS2_PLACEMENT_3D('',#4573,#3638,#3639);
#3181=AXIS2_PLACEMENT_3D('',#4579,#3643,#3644);
#3182=AXIS2_PLACEMENT_3D('',#4583,#3647,#3648);
#3183=AXIS2_PLACEMENT_3D('',#4616,#3667,#3668);
#3184=AXIS2_PLACEMENT_3D('',#4620,#3670,#3671);
#3185=AXIS2_PLACEMENT_3D('',#4627,#3676,#3677);
#3186=AXIS2_PLACEMENT_3D('',#4628,#3678,#3679);
#3187=AXIS2_PLACEMENT_3D('',#4637,#3683,#3684);
#3188=AXIS2_PLACEMENT_3D('',#4646,#3690,#3691);
#3189=AXIS2_PLACEMENT_3D('',#4650,#3694,#3695);
#3190=AXIS2_PLACEMENT_3D('',#4658,#3701,#3702);
#3191=AXIS2_PLACEMENT_3D('',#4664,#3706,#3707);
#3192=AXIS2_PLACEMENT_3D('',#4683,#3718,#3719);
#3193=AXIS2_PLACEMENT_3D('',#4684,#3720,#3721);
#3194=AXIS2_PLACEMENT_3D('',#4694,#3727,#3728);
#3195=AXIS2_PLACEMENT_3D('',#4699,#3731,#3732);
#3196=AXIS2_PLACEMENT_3D('',#4700,#3733,#3734);
#3197=AXIS2_PLACEMENT_3D('',#4702,#3735,#3736);
#3198=AXIS2_PLACEMENT_3D('',#4703,#3737,#3738);
#3199=AXIS2_PLACEMENT_3D('',#4709,#3741,#3742);
#3200=AXIS2_PLACEMENT_3D('',#4714,#3745,#3746);
#3201=AXIS2_PLACEMENT_3D('',#4719,#3750,#3751);
#3202=AXIS2_PLACEMENT_3D('',#4721,#3752,#3753);
#3203=AXIS2_PLACEMENT_3D('',#4737,#3763,#3764);
#3204=AXIS2_PLACEMENT_3D('',#4738,#3765,#3766);
#3205=AXIS2_PLACEMENT_3D('',#4741,#3768,#3769);
#3206=AXIS2_PLACEMENT_3D('',#4743,#3771,#3772);
#3207=AXIS2_PLACEMENT_3D('',#4744,#3773,#3774);
#3208=AXIS2_PLACEMENT_3D('',#4746,#3776,#3777);
#3209=AXIS2_PLACEMENT_3D('',#4749,#3780,#3781);
#3210=AXIS2_PLACEMENT_3D('',#4763,#3783,#3784);
#3211=AXIS2_PLACEMENT_3D('',#4766,#3786,#3787);
#3212=AXIS2_PLACEMENT_3D('',#4767,#3788,#3789);
#3213=AXIS2_PLACEMENT_3D('',#4771,#3792,#3793);
#3214=AXIS2_PLACEMENT_3D('',#4774,#3796,#3797);
#3215=AXIS2_PLACEMENT_3D('',#4782,#3802,#3803);
#3216=AXIS2_PLACEMENT_3D('',#4789,#3808,#3809);
#3217=AXIS2_PLACEMENT_3D('',#4793,#3812,#3813);
#3218=AXIS2_PLACEMENT_3D('',#4796,#3815,#3816);
#3219=AXIS2_PLACEMENT_3D('',#4806,#3822,#3823);
#3220=AXIS2_PLACEMENT_3D('',#4810,#3826,#3827);
#3221=AXIS2_PLACEMENT_3D('',#4832,#3841,#3842);
#3222=AXIS2_PLACEMENT_3D('',#4835,#3845,#3846);
#3223=AXIS2_PLACEMENT_3D('',#4836,#3847,#3848);
#3224=AXIS2_PLACEMENT_3D('',#4838,#3850,#3851);
#3225=AXIS2_PLACEMENT_3D('',#4840,#3853,#3854);
#3226=AXIS2_PLACEMENT_3D('',#4841,#3855,#3856);
#3227=AXIS2_PLACEMENT_3D('',#4842,#3857,#3858);
#3228=AXIS2_PLACEMENT_3D('',#4843,#3859,#3860);
#3229=AXIS2_PLACEMENT_3D('',#4844,#3861,#3862);
#3230=AXIS2_PLACEMENT_3D('',#4846,#3863,#3864);
#3231=AXIS2_PLACEMENT_3D('',#4847,#3865,#3866);
#3232=AXIS2_PLACEMENT_3D('',#4849,#3868,#3869);
#3233=AXIS2_PLACEMENT_3D('',#4863,#3871,#3872);
#3234=AXIS2_PLACEMENT_3D('',#4864,#3873,#3874);
#3235=AXIS2_PLACEMENT_3D('',#4867,#3876,#3877);
#3236=AXIS2_PLACEMENT_3D('',#4871,#3880,#3881);
#3237=AXIS2_PLACEMENT_3D('',#4874,#3884,#3885);
#3238=AXIS2_PLACEMENT_3D('',#4877,#3888,#3889);
#3239=AXIS2_PLACEMENT_3D('',#4879,#3891,#3892);
#3240=AXIS2_PLACEMENT_3D('',#4881,#3894,#3895);
#3241=AXIS2_PLACEMENT_3D('',#4883,#3897,#3898);
#3242=AXIS2_PLACEMENT_3D('',#4884,#3899,#3900);
#3243=AXIS2_PLACEMENT_3D('',#4885,#3901,#3902);
#3244=AXIS2_PLACEMENT_3D('',#4886,#3903,#3904);
#3245=AXIS2_PLACEMENT_3D('',#4887,#3905,#3906);
#3246=AXIS2_PLACEMENT_3D('',#4889,#3907,#3908);
#3247=AXIS2_PLACEMENT_3D('',#4890,#3909,#3910);
#3248=AXIS2_PLACEMENT_3D('',#4896,#3914,#3915);
#3249=AXIS2_PLACEMENT_3D('',#4897,#3916,#3917);
#3250=AXIS2_PLACEMENT_3D('',#4898,#3918,#3919);
#3251=AXIS2_PLACEMENT_3D('',#4899,#3920,#3921);
#3252=AXIS2_PLACEMENT_3D('',#4900,#3922,#3923);
#3253=AXIS2_PLACEMENT_3D('',#4910,#3929,#3930);
#3254=AXIS2_PLACEMENT_3D('',#4916,#3934,#3935);
#3255=AXIS2_PLACEMENT_3D('',#4917,#3936,#3937);
#3256=AXIS2_PLACEMENT_3D('',#4918,#3938,#3939);
#3257=AXIS2_PLACEMENT_3D('',#4919,#3940,#3941);
#3258=AXIS2_PLACEMENT_3D('',#4920,#3942,#3943);
#3259=AXIS2_PLACEMENT_3D('',#4923,#3944,#3945);
#3260=AXIS2_PLACEMENT_3D('',#4924,#3946,#3947);
#3261=AXIS2_PLACEMENT_3D('',#4926,#3948,#3949);
#3262=AXIS2_PLACEMENT_3D('',#4933,#3954,#3955);
#3263=AXIS2_PLACEMENT_3D('',#4934,#3956,#3957);
#3264=AXIS2_PLACEMENT_3D('',#4935,#3958,#3959);
#3265=AXIS2_PLACEMENT_3D('',#4936,#3960,#3961);
#3266=AXIS2_PLACEMENT_3D('',#4937,#3962,#3963);
#3267=AXIS2_PLACEMENT_3D('',#4940,#3965,#3966);
#3268=AXIS2_PLACEMENT_3D('',#4942,#3968,#3969);
#3269=AXIS2_PLACEMENT_3D('',#4943,#3970,#3971);
#3270=AXIS2_PLACEMENT_3D('',#4944,#3972,#3973);
#3271=AXIS2_PLACEMENT_3D('',#4946,#3974,#3975);
#3272=AXIS2_PLACEMENT_3D('',#4948,#3977,#3978);
#3273=AXIS2_PLACEMENT_3D('',#4951,#3981,#3982);
#3274=AXIS2_PLACEMENT_3D('',#4952,#3983,#3984);
#3275=AXIS2_PLACEMENT_3D('',#4955,#3987,#3988);
#3276=AXIS2_PLACEMENT_3D('',#4956,#3989,#3990);
#3277=AXIS2_PLACEMENT_3D('',#4957,#3991,#3992);
#3278=AXIS2_PLACEMENT_3D('',#4958,#3993,#3994);
#3279=AXIS2_PLACEMENT_3D('',#4964,#3998,#3999);
#3280=AXIS2_PLACEMENT_3D('',#4968,#4002,#4003);
#3281=AXIS2_PLACEMENT_3D('',#4972,#4006,#4007);
#3282=AXIS2_PLACEMENT_3D('',#4974,#4009,#4010);
#3283=AXIS2_PLACEMENT_3D('',#4975,#4011,#4012);
#3284=AXIS2_PLACEMENT_3D('',#4981,#4016,#4017);
#3285=AXIS2_PLACEMENT_3D('',#4985,#4020,#4021);
#3286=AXIS2_PLACEMENT_3D('',#4989,#4024,#4025);
#3287=AXIS2_PLACEMENT_3D('',#4991,#4027,#4028);
#3288=AXIS2_PLACEMENT_3D('',#4992,#4029,#4030);
#3289=AXIS2_PLACEMENT_3D('',#4993,#4031,#4032);
#3290=AXIS2_PLACEMENT_3D('',#4996,#4035,#4036);
#3291=AXIS2_PLACEMENT_3D('',#4997,#4037,#4038);
#3292=AXIS2_PLACEMENT_3D('',#4998,#4039,#4040);
#3293=AXIS2_PLACEMENT_3D('',#5001,#4043,#4044);
#3294=AXIS2_PLACEMENT_3D('',#5002,#4045,#4046);
#3295=AXIS2_PLACEMENT_3D('',#5003,#4047,#4048);
#3296=AXIS2_PLACEMENT_3D('',#5004,#4049,#4050);
#3297=AXIS2_PLACEMENT_3D('',#5005,#4051,#4052);
#3298=AXIS2_PLACEMENT_3D('',#5006,#4053,#4054);
#3299=AXIS2_PLACEMENT_3D('',#5007,#4055,#4056);
#3300=AXIS2_PLACEMENT_3D('',#5008,#4057,#4058);
#3301=AXIS2_PLACEMENT_3D('',#5009,#4059,#4060);
#3302=AXIS2_PLACEMENT_3D('',#5010,#4061,#4062);
#3303=AXIS2_PLACEMENT_3D('',#5011,#4063,#4064);
#3304=AXIS2_PLACEMENT_3D('',#5012,#4065,#4066);
#3305=AXIS2_PLACEMENT_3D('',#5014,#4068,#4069);
#3306=AXIS2_PLACEMENT_3D('',#5016,#4071,#4072);
#3307=AXIS2_PLACEMENT_3D('',#5017,#4073,#4074);
#3308=AXIS2_PLACEMENT_3D('',#5022,#4077,#4078);
#3309=AXIS2_PLACEMENT_3D('',#5024,#4080,#4081);
#3310=AXIS2_PLACEMENT_3D('',#5032,#4086,#4087);
#3311=AXIS2_PLACEMENT_3D('',#5033,#4088,#4089);
#3312=AXIS2_PLACEMENT_3D('',#5034,#4090,#4091);
#3313=AXIS2_PLACEMENT_3D('',#5035,#4092,#4093);
#3314=AXIS2_PLACEMENT_3D('',#5036,#4094,#4095);
#3315=AXIS2_PLACEMENT_3D('',#5037,#4096,#4097);
#3316=AXIS2_PLACEMENT_3D('',#5038,#4098,#4099);
#3317=AXIS2_PLACEMENT_3D('',#5039,#4100,#4101);
#3318=AXIS2_PLACEMENT_3D('',#5040,#4102,#4103);
#3319=AXIS2_PLACEMENT_3D('',#5041,#4104,#4105);
#3320=AXIS2_PLACEMENT_3D('',#5042,#4106,#4107);
#3321=AXIS2_PLACEMENT_3D('',#5043,#4108,#4109);
#3322=AXIS2_PLACEMENT_3D('',#5044,#4110,#4111);
#3323=AXIS2_PLACEMENT_3D('',#5045,#4112,#4113);
#3324=AXIS2_PLACEMENT_3D('',#5046,#4114,#4115);
#3325=AXIS2_PLACEMENT_3D('',#5047,#4116,#4117);
#3326=AXIS2_PLACEMENT_3D('',#5048,#4118,#4119);
#3327=AXIS2_PLACEMENT_3D('',#5049,#4120,#4121);
#3328=AXIS2_PLACEMENT_3D('',#5050,#4122,#4123);
#3329=AXIS2_PLACEMENT_3D('',#5052,#4124,#4125);
#3330=AXIS2_PLACEMENT_3D('',#5053,#4126,#4127);
#3331=AXIS2_PLACEMENT_3D('',#5055,#4129,#4130);
#3332=AXIS2_PLACEMENT_3D('',#5057,#4132,#4133);
#3333=AXIS2_PLACEMENT_3D('',#5058,#4134,#4135);
#3334=AXIS2_PLACEMENT_3D('',#5060,#4137,#4138);
#3335=AXIS2_PLACEMENT_3D('',#5062,#4140,#4141);
#3336=AXIS2_PLACEMENT_3D('',#5063,#4142,#4143);
#3337=AXIS2_PLACEMENT_3D('',#5065,#4145,#4146);
#3338=AXIS2_PLACEMENT_3D('',#5067,#4148,#4149);
#3339=AXIS2_PLACEMENT_3D('',#5068,#4150,#4151);
#3340=AXIS2_PLACEMENT_3D('',#5072,#4154,#4155);
#3341=AXIS2_PLACEMENT_3D('',#5073,#4156,#4157);
#3342=AXIS2_PLACEMENT_3D('',#5076,#4159,#4160);
#3343=AXIS2_PLACEMENT_3D('',#5078,#4162,#4163);
#3344=AXIS2_PLACEMENT_3D('',#5079,#4164,#4165);
#3345=AXIS2_PLACEMENT_3D('',#5081,#4166,#4167);
#3346=AXIS2_PLACEMENT_3D('',#5082,#4168,#4169);
#3347=AXIS2_PLACEMENT_3D('',#5085,#4171,#4172);
#3348=AXIS2_PLACEMENT_3D('',#5088,#4174,#4175);
#3349=AXIS2_PLACEMENT_3D('',#5090,#4177,#4178);
#3350=AXIS2_PLACEMENT_3D('',#5091,#4179,#4180);
#3351=AXIS2_PLACEMENT_3D('',#5093,#4181,#4182);
#3352=AXIS2_PLACEMENT_3D('',#5095,#4184,#4185);
#3353=AXIS2_PLACEMENT_3D('',#5096,#4186,#4187);
#3354=AXIS2_PLACEMENT_3D('',#5098,#4189,#4190);
#3355=AXIS2_PLACEMENT_3D('',#5099,#4191,#4192);
#3356=AXIS2_PLACEMENT_3D('',#5101,#4194,#4195);
#3357=AXIS2_PLACEMENT_3D('',#5102,#4196,#4197);
#3358=AXIS2_PLACEMENT_3D('',#5103,#4198,#4199);
#3359=AXIS2_PLACEMENT_3D('',#5105,#4200,#4201);
#3360=AXIS2_PLACEMENT_3D('',#5106,#4202,#4203);
#3361=AXIS2_PLACEMENT_3D('',#5107,#4204,#4205);
#3362=AXIS2_PLACEMENT_3D('',#5109,#4206,#4207);
#3363=AXIS2_PLACEMENT_3D('',#5110,#4208,#4209);
#3364=AXIS2_PLACEMENT_3D('',#5111,#4210,#4211);
#3365=AXIS2_PLACEMENT_3D('',#5113,#4212,#4213);
#3366=DIRECTION('',(0.,0.,1.));
#3367=DIRECTION('',(1.,0.,0.));
#3368=DIRECTION('',(0.,-0.766044443118978,-0.64278760968654));
#3369=DIRECTION('',(0.,0.64278760968654,-0.766044443118978));
#3370=DIRECTION('',(0.,0.766044443118978,0.64278760968654));
#3371=DIRECTION('',(0.,-0.64278760968654,0.766044443118978));
#3372=DIRECTION('',(0.,0.766044443118978,0.64278760968654));
#3373=DIRECTION('',(0.,-0.64278760968654,0.766044443118978));
#3374=DIRECTION('',(-1.,0.,0.));
#3375=DIRECTION('',(-1.,0.,0.));
#3376=DIRECTION('',(-1.,0.,0.));
#3377=DIRECTION('',(-1.,0.,0.));
#3378=DIRECTION('',(-1.,0.,0.));
#3379=DIRECTION('',(-1.,0.,0.));
#3380=DIRECTION('',(-1.,0.,0.));
#3381=DIRECTION('',(0.,-0.64278760968654,0.766044443118978));
#3382=DIRECTION('',(1.,0.,0.));
#3383=DIRECTION('',(0.,-0.64278760968654,0.766044443118978));
#3384=DIRECTION('',(0.,-0.766044443118978,-0.64278760968654));
#3385=DIRECTION('',(0.,-0.64278760968654,0.766044443118978));
#3386=DIRECTION('',(1.,0.,0.));
#3387=DIRECTION('',(0.,0.,1.));
#3388=DIRECTION('',(1.,0.,0.));
#3389=DIRECTION('',(0.,0.,-1.));
#3390=DIRECTION('',(-1.,0.,0.));
#3391=DIRECTION('',(0.,0.,1.));
#3392=DIRECTION('',(-1.,0.,0.));
#3393=DIRECTION('',(0.,0.,1.));
#3394=DIRECTION('',(0.,1.,0.));
#3395=DIRECTION('',(0.,0.,1.));
#3396=DIRECTION('',(-1.,0.,0.));
#3397=DIRECTION('',(0.,0.,1.));
#3398=DIRECTION('',(0.,0.146439675047544,0.989219602298686));
#3399=DIRECTION('',(-1.,0.,0.));
#3400=DIRECTION('',(0.,0.,1.));
#3401=DIRECTION('',(1.,0.,0.));
#3402=DIRECTION('',(0.,0.,1.));
#3403=DIRECTION('',(1.,0.,0.));
#3404=DIRECTION('',(0.,0.,-1.));
#3405=DIRECTION('',(0.,1.,0.));
#3406=DIRECTION('',(1.,0.,0.));
#3407=DIRECTION('',(0.,0.,-1.));
#3408=DIRECTION('',(1.,0.,0.));
#3409=DIRECTION('',(0.,0.,-1.));
#3410=DIRECTION('',(0.,-0.146439675047544,-0.989219602298686));
#3411=DIRECTION('',(-1.,0.,0.));
#3412=DIRECTION('',(0.,0.,1.));
#3413=DIRECTION('',(0.,0.,1.));
#3414=DIRECTION('',(0.,1.,0.));
#3415=DIRECTION('',(0.,0.,-1.));
#3416=DIRECTION('',(-1.,0.,0.));
#3417=DIRECTION('',(0.,0.,1.));
#3418=DIRECTION('',(-1.,0.,0.));
#3419=DIRECTION('',(0.,0.,1.));
#3420=DIRECTION('',(1.,0.,0.));
#3421=DIRECTION('',(0.,0.,-1.));
#3422=DIRECTION('',(1.,0.,0.));
#3423=DIRECTION('',(0.,0.,-1.));
#3424=DIRECTION('',(1.,0.,0.));
#3425=DIRECTION('',(0.,0.,-1.));
#3426=DIRECTION('',(0.,0.146439675047544,0.989219602298686));
#3427=DIRECTION('',(-1.,0.,0.));
#3428=DIRECTION('',(0.,0.,1.));
#3429=DIRECTION('',(0.,0.,1.));
#3430=DIRECTION('',(0.,1.,0.));
#3431=DIRECTION('',(-1.,0.,0.));
#3432=DIRECTION('',(0.,0.,1.));
#3433=DIRECTION('',(-1.,0.,0.));
#3434=DIRECTION('',(0.,0.,1.));
#3435=DIRECTION('',(-1.,0.,0.));
#3436=DIRECTION('',(0.,0.,1.));
#3437=DIRECTION('',(-1.,0.,0.));
#3438=DIRECTION('',(0.,0.,1.));
#3439=DIRECTION('',(-1.,0.,0.));
#3440=DIRECTION('',(0.,0.,1.));
#3441=DIRECTION('',(0.,1.,0.));
#3442=DIRECTION('',(-1.,0.,0.));
#3443=DIRECTION('',(0.,0.,1.));
#3444=DIRECTION('',(0.,0.,-1.));
#3445=DIRECTION('',(0.,1.,0.));
#3446=DIRECTION('',(0.,0.,1.));
#3447=DIRECTION('',(-1.,0.,0.));
#3448=DIRECTION('',(0.,0.,1.));
#3449=DIRECTION('',(0.,-0.146439675047544,-0.989219602298686));
#3450=DIRECTION('',(0.,-0.77114678763633,-0.636657389745983));
#3451=DIRECTION('',(0.,0.636657389745983,-0.77114678763633));
#3452=DIRECTION('',(0.,-0.77114678763633,-0.636657389745983));
#3453=DIRECTION('',(0.,-0.636657389745983,0.77114678763633));
#3454=DIRECTION('',(-1.,0.,0.));
#3455=DIRECTION('',(0.,-0.77114678763633,-0.636657389745983));
#3456=DIRECTION('',(0.,-0.636657389745983,0.77114678763633));
#3457=DIRECTION('',(1.,0.,0.));
#3458=DIRECTION('',(0.,-0.636657389745983,0.77114678763633));
#3459=DIRECTION('',(-1.,0.,0.));
#3460=DIRECTION('',(0.,-0.636657389745983,0.77114678763633));
#3461=DIRECTION('',(-1.,0.,0.));
#3462=DIRECTION('',(1.,0.,0.));
#3463=DIRECTION('',(0.,1.,0.));
#3464=DIRECTION('',(0.,0.,1.));
#3465=DIRECTION('',(0.,-1.,0.));
#3466=DIRECTION('',(0.,0.,1.));
#3467=DIRECTION('',(0.,0.,1.));
#3468=DIRECTION('',(0.,1.,0.));
#3469=DIRECTION('',(0.,0.,1.));
#3470=DIRECTION('',(0.,1.,0.));
#3471=DIRECTION('',(0.,0.,1.));
#3472=DIRECTION('',(0.,1.,0.));
#3473=DIRECTION('',(0.,0.,1.));
#3474=DIRECTION('',(1.,0.,0.));
#3475=DIRECTION('',(0.,0.,-1.));
#3476=DIRECTION('',(0.,-1.,0.));
#3477=DIRECTION('',(-1.,0.,0.));
#3478=DIRECTION('',(0.,1.,0.));
#3479=DIRECTION('',(0.,0.,1.));
#3480=DIRECTION('',(0.,-1.,0.));
#3481=DIRECTION('',(0.,0.,1.));
#3482=DIRECTION('',(0.,-1.,0.));
#3483=DIRECTION('',(1.,0.,0.));
#3484=DIRECTION('',(0.,0.,-1.));
#3485=DIRECTION('',(0.,0.,1.));
#3486=DIRECTION('',(0.,1.,0.));
#3487=DIRECTION('',(0.,0.,1.));
#3488=DIRECTION('',(0.,1.,0.));
#3489=DIRECTION('',(0.,0.,1.));
#3490=DIRECTION('',(0.,1.,0.));
#3491=DIRECTION('',(0.,0.,1.));
#3492=DIRECTION('',(1.,0.,0.));
#3493=DIRECTION('',(0.,0.,-1.));
#3494=DIRECTION('',(-1.,0.,0.));
#3495=DIRECTION('',(0.,0.,1.));
#3496=DIRECTION('',(1.,0.,0.));
#3497=DIRECTION('',(0.,0.,-1.));
#3498=DIRECTION('',(1.,0.,0.));
#3499=DIRECTION('',(0.,0.,-1.));
#3500=DIRECTION('',(1.,0.,0.));
#3501=DIRECTION('',(0.,0.,-1.));
#3502=DIRECTION('',(1.,0.,0.));
#3503=DIRECTION('',(0.,0.,-1.));
#3504=DIRECTION('',(1.,0.,0.));
#3505=DIRECTION('',(0.,0.,-1.));
#3506=DIRECTION('',(1.,0.,0.));
#3507=DIRECTION('',(0.,0.,-1.));
#3508=DIRECTION('',(0.,1.,0.));
#3509=DIRECTION('',(0.,0.,1.));
#3510=DIRECTION('',(0.600001429132663,0.,-0.799998928148508));
#3511=DIRECTION('',(-1.,0.,0.));
#3512=DIRECTION('',(0.,0.,-1.));
#3513=DIRECTION('',(-1.,0.,0.));
#3514=DIRECTION('',(0.,1.,0.));
#3515=DIRECTION('',(0.,0.,1.));
#3516=DIRECTION('',(-1.,0.,0.));
#3517=DIRECTION('',(-0.600001429132663,0.,0.799998928148509));
#3518=DIRECTION('',(-1.,0.,0.));
#3519=DIRECTION('',(-0.600001429132663,0.,-0.799998928148509));
#3520=DIRECTION('',(0.,1.,0.));
#3521=DIRECTION('',(0.,0.,1.));
#3522=DIRECTION('',(-1.,0.,0.));
#3523=DIRECTION('',(-0.600001429132663,0.,-0.799998928148508));
#3524=DIRECTION('',(-1.,0.,0.));
#3525=DIRECTION('',(0.,0.,-1.));
#3526=DIRECTION('',(0.,1.,0.));
#3527=DIRECTION('',(0.,0.,1.));
#3528=DIRECTION('',(0.600001429132662,0.,0.799998928148509));
#3529=DIRECTION('',(-1.,0.,0.));
#3530=DIRECTION('',(-0.600001429132663,0.,0.799998928148509));
#3531=DIRECTION('',(-1.,0.,0.));
#3532=DIRECTION('',(0.,-2.34910470705193E-16,1.));
#3533=DIRECTION('',(0.,-1.,-2.34910470705193E-16));
#3534=DIRECTION('',(0.,-1.,0.));
#3535=DIRECTION('',(0.,1.,2.34910470705193E-16));
#3536=DIRECTION('',(0.,-2.34910470705193E-16,1.));
#3537=DIRECTION('',(0.,-1.,-2.34910470705193E-16));
#3538=DIRECTION('',(0.,-1.,0.));
#3539=DIRECTION('',(0.,-1.,0.));
#3540=DIRECTION('',(0.,-2.34910470705193E-16,1.));
#3541=DIRECTION('',(0.,-1.,-2.34910470705193E-16));
#3542=DIRECTION('',(0.,-1.,0.));
#3543=DIRECTION('',(0.,-1.,0.));
#3544=DIRECTION('',(0.,0.,-1.));
#3545=DIRECTION('',(-1.,0.,0.));
#3546=DIRECTION('',(0.,0.,1.));
#3547=DIRECTION('',(1.,0.,0.));
#3548=DIRECTION('',(0.,0.,-1.));
#3549=DIRECTION('',(1.,0.,0.));
#3550=DIRECTION('',(1.,0.,0.));
#3551=DIRECTION('',(0.,1.,0.));
#3552=DIRECTION('',(1.,0.,0.));
#3553=DIRECTION('',(0.,1.,0.));
#3554=DIRECTION('',(1.,0.,0.));
#3555=DIRECTION('',(0.,-1.,0.));
#3556=DIRECTION('',(1.,0.,0.));
#3557=DIRECTION('',(0.,0.,1.));
#3558=DIRECTION('',(1.,0.,0.));
#3559=DIRECTION('',(0.,1.,3.03386023981594E-16));
#3560=DIRECTION('',(1.,0.,0.));
#3561=DIRECTION('',(1.87537673078573E-16,1.,0.));
#3562=DIRECTION('',(0.,0.,1.));
#3563=DIRECTION('',(1.,0.,0.));
#3564=DIRECTION('',(1.87537673078573E-16,1.,0.));
#3565=DIRECTION('',(-1.,0.,0.));
#3566=DIRECTION('',(-1.87537673078573E-16,1.,0.));
#3567=DIRECTION('',(0.,0.,-1.));
#3568=DIRECTION('',(1.,0.,0.));
#3569=DIRECTION('',(-1.87537673078573E-16,1.,0.));
#3570=DIRECTION('',(-1.,-1.87537673078573E-16,-5.68963089820685E-32));
#3571=DIRECTION('',(1.87537673078573E-16,-1.,1.06702013932567E-47));
#3572=DIRECTION('',(0.,0.,1.));
#3573=DIRECTION('',(1.,0.,0.));
#3574=DIRECTION('',(-1.,-1.87537673078573E-16,-5.68963089820685E-32));
#3575=DIRECTION('',(1.87537673078573E-16,-1.,1.06702013932567E-47));
#3576=DIRECTION('',(0.,0.,-1.));
#3577=DIRECTION('',(1.,0.,0.));
#3578=DIRECTION('',(0.,0.,1.));
#3579=DIRECTION('',(1.,0.,0.));
#3580=DIRECTION('',(-1.,-1.87537673078573E-16,-5.68963089820685E-32));
#3581=DIRECTION('',(-1.87537673078573E-16,1.,0.));
#3582=DIRECTION('',(0.,3.03386023981594E-16,-1.));
#3583=DIRECTION('',(1.87537673078573E-16,-1.,-3.03386023981594E-16));
#3584=DIRECTION('',(-5.68963089820685E-32,-1.06702013932567E-47,1.));
#3585=DIRECTION('',(0.,0.,1.));
#3586=DIRECTION('',(-1.87537673078573E-16,1.,0.));
#3587=DIRECTION('',(-1.87537673078573E-16,1.,0.));
#3588=DIRECTION('',(-1.87537673078573E-16,1.,0.));
#3589=DIRECTION('',(0.,0.,1.));
#3590=DIRECTION('',(0.,0.,1.));
#3591=DIRECTION('',(0.,1.,0.));
#3592=DIRECTION('',(0.,0.,1.));
#3593=DIRECTION('',(0.,1.,0.));
#3594=DIRECTION('',(-1.6169421074764E-16,0.86219588892891,0.50657501824911));
#3595=DIRECTION('',(0.,-0.50657501824911,0.86219588892891));
#3596=DIRECTION('',(-1.6169421074764E-16,0.86219588892891,0.50657501824911));
#3597=DIRECTION('',(9.50019001621741E-17,-0.50657501824911,0.86219588892891));
#3598=DIRECTION('',(-9.50019001621741E-17,0.50657501824911,-0.86219588892891));
#3599=DIRECTION('',(0.,0.,1.));
#3600=DIRECTION('',(-1.,0.,0.));
#3601=DIRECTION('',(-1.,0.,0.));
#3602=DIRECTION('',(3.17406356365253E-16,-1.,-3.03386023981594E-16));
#3603=DIRECTION('',(-1.,0.,0.));
#3604=DIRECTION('',(1.87537673078573E-16,-1.,-3.18842424600604E-16));
#3605=DIRECTION('',(-1.,-1.87537673078573E-16,-5.68963089820685E-32));
#3606=DIRECTION('',(1.,0.,0.));
#3607=DIRECTION('',(-1.87537673078573E-16,-1.,-3.03386023981594E-16));
#3608=DIRECTION('',(0.,-1.,0.));
#3609=DIRECTION('',(0.,0.,-1.));
#3610=DIRECTION('',(-1.,0.,0.));
#3611=DIRECTION('',(5.68963089820685E-32,1.06702013932567E-47,-1.));
#3612=DIRECTION('',(0.,3.03386023981594E-16,-1.));
#3613=DIRECTION('',(0.,0.86219588892891,0.50657501824911));
#3614=DIRECTION('',(0.,-0.50657501824911,0.86219588892891));
#3615=DIRECTION('',(0.,0.86219588892891,0.50657501824911));
#3616=DIRECTION('',(0.,-0.50657501824911,0.86219588892891));
#3617=DIRECTION('',(0.,-0.50657501824911,0.86219588892891));
#3618=DIRECTION('',(1.,0.,0.));
#3619=DIRECTION('',(0.,0.,-1.));
#3620=DIRECTION('',(0.,0.,1.));
#3621=DIRECTION('',(0.,-1.,-3.03386023981594E-16));
#3622=DIRECTION('',(0.,3.03386023981594E-16,-1.));
#3623=DIRECTION('',(0.,-0.50657501824911,0.86219588892891));
#3624=DIRECTION('',(0.,0.,1.));
#3625=DIRECTION('',(1.,0.,0.));
#3626=DIRECTION('',(0.,1.,0.));
#3627=DIRECTION('',(1.,0.,0.));
#3628=DIRECTION('',(0.,1.,0.));
#3629=DIRECTION('',(0.,0.,1.));
#3630=DIRECTION('',(1.,0.,0.));
#3631=DIRECTION('',(0.,1.,0.));
#3632=DIRECTION('',(1.,0.,0.));
#3633=DIRECTION('',(0.,-1.,0.));
#3634=DIRECTION('',(1.,0.,0.));
#3635=DIRECTION('',(0.,0.,1.));
#3636=DIRECTION('',(1.,0.,0.));
#3637=DIRECTION('',(1.,0.,0.));
#3638=DIRECTION('',(0.,-1.,0.));
#3639=DIRECTION('',(0.,0.,-1.));
#3640=DIRECTION('',(0.,0.,1.));
#3641=DIRECTION('',(0.,0.,1.));
#3642=DIRECTION('',(1.,0.,0.));
#3643=DIRECTION('',(0.,-1.,0.));
#3644=DIRECTION('',(1.,0.,0.));
#3645=DIRECTION('',(0.,0.,1.));
#3646=DIRECTION('',(-0.801433113275891,0.,0.598084412892456));
#3647=DIRECTION('',(1.,-1.87537673078573E-16,-5.68963089820685E-32));
#3648=DIRECTION('',(1.87537673078573E-16,1.,0.));
#3649=DIRECTION('',(0.,0.,-1.));
#3650=DIRECTION('',(0.,3.03386023981594E-16,-1.));
#3651=DIRECTION('',(0.,0.,1.));
#3652=DIRECTION('',(-1.87537673078573E-16,-1.,0.));
#3653=DIRECTION('',(0.,0.,1.));
#3654=DIRECTION('',(0.,1.,0.));
#3655=DIRECTION('',(0.,0.,1.));
#3656=DIRECTION('',(0.,-1.,0.));
#3657=DIRECTION('',(0.,0.,1.));
#3658=DIRECTION('',(0.,1.,0.));
#3659=DIRECTION('',(0.,0.,1.));
#3660=DIRECTION('',(0.,1.,0.));
#3661=DIRECTION('',(0.,0.,1.));
#3662=DIRECTION('',(0.,0.,-1.));
#3663=DIRECTION('',(0.,-1.,0.));
#3664=DIRECTION('',(0.,0.,1.));
#3665=DIRECTION('',(0.,0.,-1.));
#3666=DIRECTION('',(0.,1.,0.));
#3667=DIRECTION('',(0.,-1.,0.));
#3668=DIRECTION('',(0.,0.,-1.));
#3669=DIRECTION('',(0.,0.,1.));
#3670=DIRECTION('',(0.,-1.,0.));
#3671=DIRECTION('',(0.,0.,-1.));
#3672=DIRECTION('',(0.,0.,1.));
#3673=DIRECTION('',(-1.,0.,0.));
#3674=DIRECTION('',(-1.,0.,0.));
#3675=DIRECTION('',(-1.,0.,0.));
#3676=DIRECTION('',(0.,-1.,0.));
#3677=DIRECTION('',(0.,0.,-1.));
#3678=DIRECTION('',(0.,1.,0.));
#3679=DIRECTION('',(0.,0.,1.));
#3680=DIRECTION('',(0.,0.,1.));
#3681=DIRECTION('',(-1.,0.,0.));
#3682=DIRECTION('',(0.,0.,1.));
#3683=DIRECTION('',(0.,1.,0.));
#3684=DIRECTION('',(0.,0.,1.));
#3685=DIRECTION('',(0.,0.,1.));
#3686=DIRECTION('',(-1.,0.,0.));
#3687=DIRECTION('',(-1.,0.,0.));
#3688=DIRECTION('',(-1.,0.,0.));
#3689=DIRECTION('',(0.,0.,1.));
#3690=DIRECTION('',(0.,0.,1.));
#3691=DIRECTION('',(1.,0.,0.));
#3692=DIRECTION('',(1.,0.,0.));
#3693=DIRECTION('',(0.,1.,0.));
#3694=DIRECTION('',(0.,0.,1.));
#3695=DIRECTION('',(1.,0.,0.));
#3696=DIRECTION('',(0.,1.,0.));
#3697=DIRECTION('',(-1.,0.,0.));
#3698=DIRECTION('',(-1.,-1.87537673078573E-16,-5.68963089820685E-32));
#3699=DIRECTION('',(-1.,0.,0.));
#3700=DIRECTION('',(0.,1.,0.));
#3701=DIRECTION('',(0.,-1.,0.));
#3702=DIRECTION('',(0.,0.,-1.));
#3703=DIRECTION('',(0.8661855860486,0.,0.499722453489578));
#3704=DIRECTION('',(1.,0.,0.));
#3705=DIRECTION('',(0.,0.,1.));
#3706=DIRECTION('',(0.,0.,1.));
#3707=DIRECTION('',(-1.,0.,0.));
#3708=DIRECTION('',(1.,0.,0.));
#3709=DIRECTION('',(-1.,0.,0.));
#3710=DIRECTION('',(0.,1.,0.));
#3711=DIRECTION('',(-1.,0.,0.));
#3712=DIRECTION('',(1.87537673078573E-16,-1.,-3.18842424600604E-16));
#3713=DIRECTION('',(-1.,0.,0.));
#3714=DIRECTION('',(1.,0.,0.));
#3715=DIRECTION('',(0.,-1.,-3.03386023981594E-16));
#3716=DIRECTION('',(1.,0.,0.));
#3717=DIRECTION('',(0.,-1.,-3.03386023981594E-16));
#3718=DIRECTION('',(0.,0.,-1.));
#3719=DIRECTION('',(-1.,0.,0.));
#3720=DIRECTION('',(0.,0.,-1.));
#3721=DIRECTION('',(-1.,0.,0.));
#3722=DIRECTION('',(1.,0.,0.));
#3723=DIRECTION('',(0.,-1.,0.));
#3724=DIRECTION('',(1.,0.,0.));
#3725=DIRECTION('',(1.,0.,0.));
#3726=DIRECTION('',(1.,0.,0.));
#3727=DIRECTION('',(0.,0.,-1.));
#3728=DIRECTION('',(-1.,0.,0.));
#3729=DIRECTION('',(1.,0.,0.));
#3730=DIRECTION('',(-1.,0.,0.));
#3731=DIRECTION('',(0.,0.,-1.));
#3732=DIRECTION('',(1.,0.,0.));
#3733=DIRECTION('',(0.,0.,-1.));
#3734=DIRECTION('',(1.,0.,0.));
#3735=DIRECTION('',(0.,0.,-1.));
#3736=DIRECTION('',(-1.,0.,0.));
#3737=DIRECTION('',(0.,0.,1.));
#3738=DIRECTION('',(1.,0.,0.));
#3739=DIRECTION('',(0.,-1.,0.));
#3740=DIRECTION('',(-1.,0.,0.));
#3741=DIRECTION('',(0.,0.,1.));
#3742=DIRECTION('',(1.,0.,0.));
#3743=DIRECTION('',(1.,0.,0.));
#3744=DIRECTION('',(-1.,0.,0.));
#3745=DIRECTION('',(0.,0.,1.));
#3746=DIRECTION('',(1.,0.,0.));
#3747=DIRECTION('',(-1.,0.,0.));
#3748=DIRECTION('',(-1.,0.,0.));
#3749=DIRECTION('',(-1.,0.,0.));
#3750=DIRECTION('',(0.,0.,1.));
#3751=DIRECTION('',(1.,0.,0.));
#3752=DIRECTION('',(1.,3.17406356365253E-16,9.62966524441389E-32));
#3753=DIRECTION('',(-3.17406356365253E-16,1.,0.));
#3754=DIRECTION('',(0.,0.,1.));
#3755=DIRECTION('',(3.17406356365253E-16,-1.,0.));
#3756=DIRECTION('',(3.17406356365253E-16,-1.,0.));
#3757=DIRECTION('',(3.17406356365253E-16,-1.,0.));
#3758=DIRECTION('',(1.60790130768111E-16,-0.50657501824911,0.86219588892891));
#3759=DIRECTION('',(0.,0.,-1.));
#3760=DIRECTION('',(0.,-1.,0.));
#3761=DIRECTION('',(0.,1.,0.));
#3762=DIRECTION('',(0.,0.,-1.));
#3763=DIRECTION('',(0.,0.86219588892891,0.50657501824911));
#3764=DIRECTION('',(0.,-0.50657501824911,0.86219588892891));
#3765=DIRECTION('',(0.,0.86219588892891,0.50657501824911));
#3766=DIRECTION('',(0.,-0.50657501824911,0.86219588892891));
#3767=DIRECTION('',(1.,0.,0.));
#3768=DIRECTION('',(0.,-1.,0.));
#3769=DIRECTION('',(0.,0.,-1.));
#3770=DIRECTION('',(-1.,0.,0.));
#3771=DIRECTION('',(0.,0.,1.));
#3772=DIRECTION('',(1.,0.,0.));
#3773=DIRECTION('',(0.,0.,1.));
#3774=DIRECTION('',(1.,0.,0.));
#3775=DIRECTION('',(0.,1.,0.));
#3776=DIRECTION('',(0.,-1.,0.));
#3777=DIRECTION('',(0.,0.,-1.));
#3778=DIRECTION('',(-1.,0.,0.));
#3779=DIRECTION('',(-1.,0.,0.));
#3780=DIRECTION('',(-1.,0.,0.));
#3781=DIRECTION('',(0.,0.,1.));
#3782=DIRECTION('',(-1.,0.,0.));
#3783=DIRECTION('',(-1.,0.,0.));
#3784=DIRECTION('',(0.,0.,1.));
#3785=DIRECTION('',(-1.,0.,0.));
#3786=DIRECTION('',(1.,0.,0.));
#3787=DIRECTION('',(0.,0.,-1.));
#3788=DIRECTION('',(0.,0.,1.));
#3789=DIRECTION('',(1.,0.,0.));
#3790=DIRECTION('',(1.,0.,0.));
#3791=DIRECTION('',(0.,1.,0.));
#3792=DIRECTION('',(-1.,0.,0.));
#3793=DIRECTION('',(0.,0.,1.));
#3794=DIRECTION('',(-1.,0.,0.));
#3795=DIRECTION('',(-1.,0.,0.));
#3796=DIRECTION('',(0.,1.,0.));
#3797=DIRECTION('',(0.,0.,1.));
#3798=DIRECTION('',(0.,0.,-1.));
#3799=DIRECTION('',(1.,0.,0.));
#3800=DIRECTION('',(0.,0.,-1.));
#3801=DIRECTION('',(-1.,0.,0.));
#3802=DIRECTION('',(1.,0.,0.));
#3803=DIRECTION('',(0.,1.,0.));
#3804=DIRECTION('',(0.,1.,0.));
#3805=DIRECTION('',(0.,0.,-1.));
#3806=DIRECTION('',(0.,0.,1.));
#3807=DIRECTION('',(0.,-1.,-1.11828326010909E-16));
#3808=DIRECTION('',(0.,-1.,0.));
#3809=DIRECTION('',(0.,0.,-1.));
#3810=DIRECTION('',(5.68963089820685E-32,1.06702013932567E-47,-1.));
#3811=DIRECTION('',(0.,0.,1.));
#3812=DIRECTION('',(0.,1.,0.));
#3813=DIRECTION('',(0.,0.,-1.));
#3814=DIRECTION('',(0.,0.,1.));
#3815=DIRECTION('',(0.,-3.03386023981594E-16,1.));
#3816=DIRECTION('',(0.,-1.,-3.03386023981594E-16));
#3817=DIRECTION('',(1.,0.,0.));
#3818=DIRECTION('',(-1.,0.,0.));
#3819=DIRECTION('',(0.,-1.,-3.03386023981594E-16));
#3820=DIRECTION('',(-1.,0.,0.));
#3821=DIRECTION('',(0.,-1.,-3.03386023981594E-16));
#3822=DIRECTION('',(0.,-1.,0.));
#3823=DIRECTION('',(0.,0.,-1.));
#3824=DIRECTION('',(0.,0.,1.));
#3825=DIRECTION('',(-1.,0.,0.));
#3826=DIRECTION('',(0.,1.11828326010909E-16,-1.));
#3827=DIRECTION('',(0.,1.,1.11828326010909E-16));
#3828=DIRECTION('',(0.,-1.,-1.11828326010909E-16));
#3829=DIRECTION('',(1.,0.,0.));
#3830=DIRECTION('',(0.,-1.,-1.11828326010909E-16));
#3831=DIRECTION('',(0.,-1.,0.));
#3832=DIRECTION('',(-1.,0.,0.));
#3833=DIRECTION('',(0.,-1.,0.));
#3834=DIRECTION('',(0.,-1.,0.));
#3835=DIRECTION('',(-1.,0.,0.));
#3836=DIRECTION('',(0.,-1.,0.));
#3837=DIRECTION('',(0.,-1.,0.));
#3838=DIRECTION('',(-1.,0.,0.));
#3839=DIRECTION('',(0.,-1.,0.));
#3840=DIRECTION('',(0.,-1.,-1.11828326010909E-16));
#3841=DIRECTION('',(0.,-2.34910470705193E-16,1.));
#3842=DIRECTION('',(0.,-1.,-2.34910470705193E-16));
#3843=DIRECTION('',(0.,-1.,0.));
#3844=DIRECTION('',(0.,1.,2.34910470705193E-16));
#3845=DIRECTION('',(0.,1.,3.03386023981594E-16));
#3846=DIRECTION('',(0.,-3.03386023981594E-16,1.));
#3847=DIRECTION('',(1.,0.,0.));
#3848=DIRECTION('',(0.,1.,0.));
#3849=DIRECTION('',(0.,0.,-1.));
#3850=DIRECTION('',(0.,0.989219602298686,-0.146439675047544));
#3851=DIRECTION('',(0.,0.146439675047544,0.989219602298686));
#3852=DIRECTION('',(1.,0.,0.));
#3853=DIRECTION('',(0.,0.,1.));
#3854=DIRECTION('',(1.,0.,0.));
#3855=DIRECTION('',(0.,0.,1.));
#3856=DIRECTION('',(1.,0.,0.));
#3857=DIRECTION('',(0.,0.,1.));
#3858=DIRECTION('',(1.,0.,0.));
#3859=DIRECTION('',(0.,0.,1.));
#3860=DIRECTION('',(1.,0.,0.));
#3861=DIRECTION('',(0.,0.,1.));
#3862=DIRECTION('',(1.,0.,0.));
#3863=DIRECTION('',(0.,0.,1.));
#3864=DIRECTION('',(1.,0.,0.));
#3865=DIRECTION('',(0.,-1.,0.));
#3866=DIRECTION('',(0.,0.,-1.));
#3867=DIRECTION('',(1.,0.,0.));
#3868=DIRECTION('',(1.,0.,0.));
#3869=DIRECTION('',(0.,0.,1.));
#3870=DIRECTION('',(1.,0.,0.));
#3871=DIRECTION('',(1.,0.,0.));
#3872=DIRECTION('',(0.,0.,1.));
#3873=DIRECTION('',(1.,0.,0.));
#3874=DIRECTION('',(0.,0.,-1.));
#3875=DIRECTION('',(1.,0.,0.));
#3876=DIRECTION('',(0.,0.,1.));
#3877=DIRECTION('',(-1.,0.,0.));
#3878=DIRECTION('',(0.,1.,0.));
#3879=DIRECTION('',(-1.,0.,0.));
#3880=DIRECTION('',(1.,0.,0.));
#3881=DIRECTION('',(0.,0.,1.));
#3882=DIRECTION('',(1.,0.,0.));
#3883=DIRECTION('',(1.,0.,0.));
#3884=DIRECTION('',(0.,1.,0.));
#3885=DIRECTION('',(0.,0.,1.));
#3886=DIRECTION('',(0.,0.,-1.));
#3887=DIRECTION('',(0.,0.,-1.));
#3888=DIRECTION('',(-1.,0.,0.));
#3889=DIRECTION('',(0.,1.,0.));
#3890=DIRECTION('',(0.,0.,1.));
#3891=DIRECTION('',(-1.,0.,0.));
#3892=DIRECTION('',(0.,1.,0.));
#3893=DIRECTION('',(0.,0.,-1.));
#3894=DIRECTION('',(0.,0.989219602298686,-0.146439675047544));
#3895=DIRECTION('',(0.,0.146439675047544,0.989219602298686));
#3896=DIRECTION('',(-1.,0.,0.));
#3897=DIRECTION('',(0.,0.,1.));
#3898=DIRECTION('',(-1.,0.,0.));
#3899=DIRECTION('',(0.,0.,-1.));
#3900=DIRECTION('',(-1.,0.,0.));
#3901=DIRECTION('',(0.,0.,1.));
#3902=DIRECTION('',(-1.,0.,0.));
#3903=DIRECTION('',(0.,0.,1.));
#3904=DIRECTION('',(-1.,0.,0.));
#3905=DIRECTION('',(0.,0.,-1.));
#3906=DIRECTION('',(-1.,0.,0.));
#3907=DIRECTION('',(0.,0.,1.));
#3908=DIRECTION('',(-1.,0.,0.));
#3909=DIRECTION('',(0.,-1.,0.));
#3910=DIRECTION('',(0.,0.,-1.));
#3911=DIRECTION('',(-0.8661855860486,0.,-0.499722453489578));
#3912=DIRECTION('',(0.,0.,1.));
#3913=DIRECTION('',(1.,0.,0.));
#3914=DIRECTION('',(0.,0.,1.));
#3915=DIRECTION('',(1.,0.,0.));
#3916=DIRECTION('',(-0.499722453489578,0.,0.8661855860486));
#3917=DIRECTION('',(0.8661855860486,0.,0.499722453489578));
#3918=DIRECTION('',(0.,0.,1.));
#3919=DIRECTION('',(1.,0.,0.));
#3920=DIRECTION('',(0.,0.,1.));
#3921=DIRECTION('',(1.,0.,0.));
#3922=DIRECTION('',(0.,-1.,0.));
#3923=DIRECTION('',(0.,0.,-1.));
#3924=DIRECTION('',(0.,0.,1.));
#3925=DIRECTION('',(1.,0.,0.));
#3926=DIRECTION('',(0.,0.,1.));
#3927=DIRECTION('',(1.,0.,0.));
#3928=DIRECTION('',(-1.,0.,0.));
#3929=DIRECTION('',(0.,-1.,0.));
#3930=DIRECTION('',(0.,0.,-1.));
#3931=DIRECTION('',(1.,0.,0.));
#3932=DIRECTION('',(1.,0.,0.));
#3933=DIRECTION('',(0.,0.,1.));
#3934=DIRECTION('',(0.,0.,1.));
#3935=DIRECTION('',(1.,0.,0.));
#3936=DIRECTION('',(0.,0.,-1.));
#3937=DIRECTION('',(1.,0.,0.));
#3938=DIRECTION('',(0.,0.,-1.));
#3939=DIRECTION('',(1.,0.,0.));
#3940=DIRECTION('',(0.,0.,1.));
#3941=DIRECTION('',(1.,0.,0.));
#3942=DIRECTION('',(0.,0.,1.));
#3943=DIRECTION('',(1.,0.,0.));
#3944=DIRECTION('',(-0.598084412892456,0.,-0.801433113275891));
#3945=DIRECTION('',(-0.801433113275891,0.,0.598084412892456));
#3946=DIRECTION('',(0.,0.,1.));
#3947=DIRECTION('',(1.,0.,0.));
#3948=DIRECTION('',(0.,0.,1.));
#3949=DIRECTION('',(1.,0.,0.));
#3950=DIRECTION('',(-1.,0.,0.));
#3951=DIRECTION('',(0.,-1.,0.));
#3952=DIRECTION('',(0.,-1.,0.));
#3953=DIRECTION('',(-1.,0.,0.));
#3954=DIRECTION('',(0.,0.,1.));
#3955=DIRECTION('',(1.,0.,0.));
#3956=DIRECTION('',(0.,0.,1.));
#3957=DIRECTION('',(1.,0.,0.));
#3958=DIRECTION('',(0.,-1.,0.));
#3959=DIRECTION('',(0.,0.,-1.));
#3960=DIRECTION('',(0.,0.,1.));
#3961=DIRECTION('',(1.,0.,0.));
#3962=DIRECTION('',(0.,0.,1.));
#3963=DIRECTION('',(1.,0.,0.));
#3964=DIRECTION('',(0.,0.,1.));
#3965=DIRECTION('',(0.,-1.,0.));
#3966=DIRECTION('',(0.,0.,-1.));
#3967=DIRECTION('',(1.,0.,0.));
#3968=DIRECTION('',(0.,0.,1.));
#3969=DIRECTION('',(1.,0.,0.));
#3970=DIRECTION('',(-0.598084412892456,0.,-0.801433113275891));
#3971=DIRECTION('',(-0.801433113275891,0.,0.598084412892456));
#3972=DIRECTION('',(0.,0.,1.));
#3973=DIRECTION('',(1.,0.,0.));
#3974=DIRECTION('',(0.,0.,1.));
#3975=DIRECTION('',(1.,0.,0.));
#3976=DIRECTION('',(1.,0.,0.));
#3977=DIRECTION('',(-0.598084412892456,0.,-0.801433113275891));
#3978=DIRECTION('',(-0.801433113275891,0.,0.598084412892456));
#3979=DIRECTION('',(-0.801433113275891,0.,0.598084412892456));
#3980=DIRECTION('',(-0.801433113275891,0.,0.598084412892456));
#3981=DIRECTION('',(0.,-1.,0.));
#3982=DIRECTION('',(1.,0.,0.));
#3983=DIRECTION('',(-0.598084412892456,0.,-0.801433113275891));
#3984=DIRECTION('',(-0.801433113275891,0.,0.598084412892456));
#3985=DIRECTION('',(0.801433113275891,0.,-0.598084412892456));
#3986=DIRECTION('',(0.801433113275891,0.,-0.598084412892456));
#3987=DIRECTION('',(0.,1.,0.));
#3988=DIRECTION('',(-1.,0.,0.));
#3989=DIRECTION('',(0.,1.,0.));
#3990=DIRECTION('',(-1.,0.,0.));
#3991=DIRECTION('',(0.,-1.,0.));
#3992=DIRECTION('',(0.,0.,-1.));
#3993=DIRECTION('',(-1.,0.,0.));
#3994=DIRECTION('',(0.,0.,1.));
#3995=DIRECTION('',(0.,-3.03386023981594E-16,1.));
#3996=DIRECTION('',(0.,-1.,-3.03386023981594E-16));
#3997=DIRECTION('',(0.,-3.03386023981594E-16,1.));
#3998=DIRECTION('',(0.,-1.,-3.03386023981594E-16));
#3999=DIRECTION('',(0.,3.03386023981594E-16,-1.));
#4000=DIRECTION('',(0.,-3.03386023981594E-16,1.));
#4001=DIRECTION('',(1.,0.,0.));
#4002=DIRECTION('',(-1.,0.,0.));
#4003=DIRECTION('',(0.,0.,1.));
#4004=DIRECTION('',(0.,-3.03386023981594E-16,1.));
#4005=DIRECTION('',(0.,-1.,-3.03386023981594E-16));
#4006=DIRECTION('',(0.,-1.,-3.03386023981594E-16));
#4007=DIRECTION('',(0.,3.03386023981594E-16,-1.));
#4008=DIRECTION('',(1.,0.,0.));
#4009=DIRECTION('',(0.,-3.03386023981594E-16,1.));
#4010=DIRECTION('',(1.,0.,0.));
#4011=DIRECTION('',(-1.,0.,0.));
#4012=DIRECTION('',(0.,0.,1.));
#4013=DIRECTION('',(0.,-3.03386023981594E-16,1.));
#4014=DIRECTION('',(0.,-1.,-3.03386023981594E-16));
#4015=DIRECTION('',(0.,-3.03386023981594E-16,1.));
#4016=DIRECTION('',(0.,1.,3.03386023981594E-16));
#4017=DIRECTION('',(0.,-3.03386023981594E-16,1.));
#4018=DIRECTION('',(0.,-3.03386023981594E-16,1.));
#4019=DIRECTION('',(-1.,0.,0.));
#4020=DIRECTION('',(-1.,0.,0.));
#4021=DIRECTION('',(0.,0.,1.));
#4022=DIRECTION('',(0.,-3.03386023981594E-16,1.));
#4023=DIRECTION('',(0.,-1.,-3.03386023981594E-16));
#4024=DIRECTION('',(0.,1.,3.03386023981594E-16));
#4025=DIRECTION('',(0.,-3.03386023981594E-16,1.));
#4026=DIRECTION('',(-1.,0.,0.));
#4027=DIRECTION('',(0.,-3.03386023981594E-16,1.));
#4028=DIRECTION('',(1.,0.,0.));
#4029=DIRECTION('',(-0.499722453489578,0.,0.8661855860486));
#4030=DIRECTION('',(0.8661855860486,0.,0.499722453489578));
#4031=DIRECTION('',(0.,-1.,0.));
#4032=DIRECTION('',(0.,0.,-1.));
#4033=DIRECTION('',(0.,-1.,0.));
#4034=DIRECTION('',(0.,-1.,0.));
#4035=DIRECTION('',(1.,0.,0.));
#4036=DIRECTION('',(0.,0.,-1.));
#4037=DIRECTION('',(1.,0.,0.));
#4038=DIRECTION('',(0.,0.,-1.));
#4039=DIRECTION('',(0.,-1.,0.));
#4040=DIRECTION('',(0.,0.,-1.));
#4041=DIRECTION('',(0.,-1.,0.));
#4042=DIRECTION('',(0.,-1.,0.));
#4043=DIRECTION('',(1.,0.,0.));
#4044=DIRECTION('',(0.,0.,-1.));
#4045=DIRECTION('',(1.,0.,0.));
#4046=DIRECTION('',(0.,0.,-1.));
#4047=DIRECTION('',(0.,-1.,0.));
#4048=DIRECTION('',(0.,0.,-1.));
#4049=DIRECTION('',(0.,-1.,0.));
#4050=DIRECTION('',(0.,0.,-1.));
#4051=DIRECTION('',(0.,0.,1.));
#4052=DIRECTION('',(1.,0.,0.));
#4053=DIRECTION('',(0.,0.,1.));
#4054=DIRECTION('',(1.,0.,0.));
#4055=DIRECTION('',(0.,0.,1.));
#4056=DIRECTION('',(1.,0.,0.));
#4057=DIRECTION('',(0.,0.,1.));
#4058=DIRECTION('',(1.,0.,0.));
#4059=DIRECTION('',(0.,0.,1.));
#4060=DIRECTION('',(1.,0.,0.));
#4061=DIRECTION('',(0.,0.,1.));
#4062=DIRECTION('',(1.,0.,0.));
#4063=DIRECTION('',(0.,0.,1.));
#4064=DIRECTION('',(1.,0.,0.));
#4065=DIRECTION('',(0.,-1.,0.));
#4066=DIRECTION('',(0.,0.,-1.));
#4067=DIRECTION('',(-5.68963089820685E-32,0.,1.));
#4068=DIRECTION('',(1.,1.87537673078573E-16,5.68963089820685E-32));
#4069=DIRECTION('',(-1.87537673078573E-16,1.,-1.06702013932567E-47));
#4070=DIRECTION('',(-9.50019001621741E-17,0.50657501824911,-0.86219588892891));
#4071=DIRECTION('',(-1.6169421074764E-16,0.86219588892891,0.50657501824911));
#4072=DIRECTION('',(0.,-0.50657501824911,0.86219588892891));
#4073=DIRECTION('',(-1.6169421074764E-16,0.86219588892891,0.50657501824911));
#4074=DIRECTION('',(9.50019001621741E-17,-0.50657501824911,0.86219588892891));
#4075=DIRECTION('',(1.,1.87537673078573E-16,0.));
#4076=DIRECTION('',(-9.50019001621741E-17,0.50657501824911,-0.86219588892891));
#4077=DIRECTION('',(1.87537673078573E-16,-1.,0.));
#4078=DIRECTION('',(1.,1.87537673078573E-16,0.));
#4079=DIRECTION('',(-5.68963089820685E-32,-1.06702013932567E-47,1.));
#4080=DIRECTION('',(1.,1.87537673078573E-16,5.68963089820685E-32));
#4081=DIRECTION('',(-1.87537673078573E-16,1.,-1.06702013932567E-47));
#4082=DIRECTION('',(0.,0.,1.));
#4083=DIRECTION('',(1.87537673078573E-16,-1.,0.));
#4084=DIRECTION('',(1.87537673078573E-16,-1.,0.));
#4085=DIRECTION('',(1.87537673078573E-16,-1.,0.));
#4086=DIRECTION('',(0.,0.,1.));
#4087=DIRECTION('',(1.,0.,0.));
#4088=DIRECTION('',(0.,0.,1.));
#4089=DIRECTION('',(1.,0.,0.));
#4090=DIRECTION('',(0.,0.,1.));
#4091=DIRECTION('',(1.,0.,0.));
#4092=DIRECTION('',(0.,0.,-1.));
#4093=DIRECTION('',(1.,0.,0.));
#4094=DIRECTION('',(0.,0.,1.));
#4095=DIRECTION('',(1.,0.,0.));
#4096=DIRECTION('',(0.,0.,-1.));
#4097=DIRECTION('',(1.,0.,0.));
#4098=DIRECTION('',(0.,0.,1.));
#4099=DIRECTION('',(1.,0.,0.));
#4100=DIRECTION('',(0.,0.,1.));
#4101=DIRECTION('',(1.,0.,0.));
#4102=DIRECTION('',(0.,0.,1.));
#4103=DIRECTION('',(1.,0.,0.));
#4104=DIRECTION('',(0.,0.,1.));
#4105=DIRECTION('',(1.,0.,0.));
#4106=DIRECTION('',(0.,0.,1.));
#4107=DIRECTION('',(1.,0.,0.));
#4108=DIRECTION('',(0.,0.,-1.));
#4109=DIRECTION('',(1.,0.,0.));
#4110=DIRECTION('',(0.,0.,1.));
#4111=DIRECTION('',(1.,0.,0.));
#4112=DIRECTION('',(0.,0.,-1.));
#4113=DIRECTION('',(1.,0.,0.));
#4114=DIRECTION('',(0.,0.,1.));
#4115=DIRECTION('',(1.,0.,0.));
#4116=DIRECTION('',(0.,0.,-1.));
#4117=DIRECTION('',(1.,0.,0.));
#4118=DIRECTION('',(0.,0.,1.));
#4119=DIRECTION('',(1.,0.,0.));
#4120=DIRECTION('',(0.,0.,1.));
#4121=DIRECTION('',(1.,0.,0.));
#4122=DIRECTION('',(0.,0.,1.));
#4123=DIRECTION('',(1.,0.,0.));
#4124=DIRECTION('',(0.,0.,1.));
#4125=DIRECTION('',(1.,0.,0.));
#4126=DIRECTION('',(-0.799998928148508,0.,0.600001429132663));
#4127=DIRECTION('',(0.600001429132663,0.,0.799998928148509));
#4128=DIRECTION('',(-0.600001429132663,0.,-0.799998928148509));
#4129=DIRECTION('',(0.799998928148509,0.,0.600001429132662));
#4130=DIRECTION('',(0.600001429132663,0.,-0.799998928148509));
#4131=DIRECTION('',(-0.600001429132663,0.,0.799998928148509));
#4132=DIRECTION('',(0.,1.,0.));
#4133=DIRECTION('',(-1.,0.,0.));
#4134=DIRECTION('',(-0.799998928148508,0.,0.600001429132663));
#4135=DIRECTION('',(0.600001429132663,0.,0.799998928148508));
#4136=DIRECTION('',(-0.600001429132663,0.,-0.799998928148508));
#4137=DIRECTION('',(0.799998928148508,0.,0.600001429132663));
#4138=DIRECTION('',(0.600001429132663,0.,-0.799998928148509));
#4139=DIRECTION('',(-0.600001429132663,0.,0.799998928148509));
#4140=DIRECTION('',(0.,1.,0.));
#4141=DIRECTION('',(-1.,0.,0.));
#4142=DIRECTION('',(0.799998928148509,0.,-0.600001429132662));
#4143=DIRECTION('',(-0.600001429132663,0.,-0.799998928148509));
#4144=DIRECTION('',(0.600001429132663,0.,0.799998928148509));
#4145=DIRECTION('',(-0.799998928148508,0.,-0.600001429132663));
#4146=DIRECTION('',(-0.600001429132663,0.,0.799998928148508));
#4147=DIRECTION('',(0.600001429132663,0.,-0.799998928148508));
#4148=DIRECTION('',(0.,1.,0.));
#4149=DIRECTION('',(-1.,0.,0.));
#4150=DIRECTION('',(0.,1.,0.));
#4151=DIRECTION('',(0.,0.,1.));
#4152=DIRECTION('',(-1.,0.,0.));
#4153=DIRECTION('',(0.,0.,1.));
#4154=DIRECTION('',(0.,0.,1.));
#4155=DIRECTION('',(1.,0.,0.));
#4156=DIRECTION('',(0.,0.,-1.));
#4157=DIRECTION('',(1.,0.,0.));
#4158=DIRECTION('',(0.,0.,1.));
#4159=DIRECTION('',(0.,1.,0.));
#4160=DIRECTION('',(0.,0.,1.));
#4161=DIRECTION('',(-1.,0.,0.));
#4162=DIRECTION('',(0.,0.,1.));
#4163=DIRECTION('',(1.,0.,0.));
#4164=DIRECTION('',(0.,0.,-1.));
#4165=DIRECTION('',(1.,0.,0.));
#4166=DIRECTION('',(0.,0.,1.));
#4167=DIRECTION('',(1.,0.,0.));
#4168=DIRECTION('',(0.,0.,1.));
#4169=DIRECTION('',(1.,0.,0.));
#4170=DIRECTION('',(0.,0.,1.));
#4171=DIRECTION('',(0.,0.,1.));
#4172=DIRECTION('',(1.,0.,0.));
#4173=DIRECTION('',(0.,0.,1.));
#4174=DIRECTION('',(0.,-1.,0.));
#4175=DIRECTION('',(0.,0.,-1.));
#4176=DIRECTION('',(1.,0.,0.));
#4177=DIRECTION('',(0.,0.,1.));
#4178=DIRECTION('',(1.,0.,0.));
#4179=DIRECTION('',(0.,0.,1.));
#4180=DIRECTION('',(1.,0.,0.));
#4181=DIRECTION('',(0.,-1.,0.));
#4182=DIRECTION('',(0.,0.,-1.));
#4183=DIRECTION('',(1.,0.,0.));
#4184=DIRECTION('',(0.,0.,1.));
#4185=DIRECTION('',(1.,0.,0.));
#4186=DIRECTION('',(1.,0.,0.));
#4187=DIRECTION('',(0.,0.,-1.));
#4188=DIRECTION('',(1.,0.,0.));
#4189=DIRECTION('',(1.,0.,0.));
#4190=DIRECTION('',(0.,0.,-1.));
#4191=DIRECTION('',(-1.,0.,0.));
#4192=DIRECTION('',(0.,0.,1.));
#4193=DIRECTION('',(-1.,0.,0.));
#4194=DIRECTION('',(-1.,0.,0.));
#4195=DIRECTION('',(0.,0.,1.));
#4196=DIRECTION('',(0.,0.766044443118978,0.64278760968654));
#4197=DIRECTION('',(0.,-0.64278760968654,0.766044443118978));
#4198=DIRECTION('',(0.,-0.77114678763633,-0.636657389745983));
#4199=DIRECTION('',(0.,-0.636657389745983,0.77114678763633));
#4200=DIRECTION('',(0.,-0.77114678763633,-0.636657389745983));
#4201=DIRECTION('',(0.,0.636657389745983,-0.77114678763633));
#4202=DIRECTION('',(0.,0.766044443118978,0.64278760968654));
#4203=DIRECTION('',(0.,-0.64278760968654,0.766044443118978));
#4204=DIRECTION('',(0.,-0.77114678763633,-0.636657389745983));
#4205=DIRECTION('',(0.,-0.636657389745983,0.77114678763633));
#4206=DIRECTION('',(0.,-0.77114678763633,-0.636657389745983));
#4207=DIRECTION('',(0.,0.636657389745983,-0.77114678763633));
#4208=DIRECTION('',(0.,0.766044443118978,0.64278760968654));
#4209=DIRECTION('',(0.,-0.64278760968654,0.766044443118978));
#4210=DIRECTION('',(0.,-0.77114678763633,-0.636657389745983));
#4211=DIRECTION('',(0.,-0.636657389745983,0.77114678763633));
#4212=DIRECTION('',(0.,-0.77114678763633,-0.636657389745983));
#4213=DIRECTION('',(0.,0.636657389745983,-0.77114678763633));
#4214=CARTESIAN_POINT('',(0.,0.,0.));
#4215=CARTESIAN_POINT('',(0.0207,0.0533073357716071,0.01225));
#4216=CARTESIAN_POINT('',(-0.045,0.0598277366061549,0.00447928888027337));
#4217=CARTESIAN_POINT('',(-0.045,0.0593135065184057,0.00509212443476856));
#4218=CARTESIAN_POINT('',(-1.95156391047391E-18,0.0598277366061549,0.00447928888027337));
#4219=CARTESIAN_POINT('',(-1.95156391047391E-18,0.0593135065184057,0.00509212443476856));
#4220=CARTESIAN_POINT('',(0.0207,0.0640058560691174,-0.000499999999999986));
#4221=CARTESIAN_POINT('',(0.0597,0.0640058560691174,-0.000499999999999986));
#4222=CARTESIAN_POINT('',(0.035,0.0640058560691174,-0.000499999999999987));
#4223=CARTESIAN_POINT('',(0.0207,0.0640058560691174,-0.000499999999999987));
#4224=CARTESIAN_POINT('',(0.025,0.0640058560691174,-0.000499999999999987));
#4225=CARTESIAN_POINT('',(0.0207,0.0640058560691174,-0.000499999999999986));
#4226=CARTESIAN_POINT('',(0.0075,0.0640058560691174,-0.000499999999999987));
#4227=CARTESIAN_POINT('',(0.0207,0.0640058560691174,-0.000499999999999987));
#4228=CARTESIAN_POINT('',(-0.0075,0.0640058560691174,-0.000499999999999987));
#4229=CARTESIAN_POINT('',(0.0207,0.0640058560691174,-0.000499999999999986));
#4230=CARTESIAN_POINT('',(-0.025,0.0640058560691174,-0.000499999999999987));
#4231=CARTESIAN_POINT('',(0.0207,0.0640058560691174,-0.000499999999999987));
#4232=CARTESIAN_POINT('',(-0.035,0.0640058560691174,-0.000499999999999989));
#4233=CARTESIAN_POINT('',(0.0207,0.0640058560691174,-0.000499999999999986));
#4234=CARTESIAN_POINT('',(-0.0597,0.0640058560691174,-0.000499999999999986));
#4235=CARTESIAN_POINT('',(-0.0597,0.0533073357716071,0.01225));
#4236=CARTESIAN_POINT('',(-0.0597,0.0396262445331611,0.0285544896340272));
#4237=CARTESIAN_POINT('',(-0.059702,0.0396262445331611,0.0285544896340272));
#4238=CARTESIAN_POINT('',(0.0597,0.0396262445331611,0.0285544896340272));
#4239=CARTESIAN_POINT('',(0.0597,0.0533073357716071,0.01225));
#4240=CARTESIAN_POINT('',(0.045,0.0598277366061549,0.00447928888027337));
#4241=CARTESIAN_POINT('',(0.045,0.0593135065184057,0.00509212443476856));
#4242=CARTESIAN_POINT('',(-0.0425,5.20417042793042E-18,0.0218));
#4243=CARTESIAN_POINT('',(-0.0425,0.,0.0018));
#4244=CARTESIAN_POINT('',(-0.0425,0.,0.0005));
#4245=CARTESIAN_POINT('',(-0.0425,-0.0294161354614671,0.0184472512599713));
#4246=CARTESIAN_POINT('',(-0.0425,-0.000140523017829797,0.025));
#4247=CARTESIAN_POINT('',(-0.0425,-0.00329462402321555,0.00369362560969493));
#4248=CARTESIAN_POINT('',(-0.0425,-0.0263247597877408,0.00794647699113479));
#4249=CARTESIAN_POINT('',(-0.0425,0.00286758429290401,-0.0032));
#4250=CARTESIAN_POINT('',(-0.0425,5.20417042793042E-18,-0.0032));
#4251=CARTESIAN_POINT('',(-0.0425,-0.0038,-0.0032));
#4252=CARTESIAN_POINT('',(-0.0425,-0.0038,-0.0025));
#4253=CARTESIAN_POINT('',(-0.0425,-0.0038,-2.16840434497101E-19));
#4254=CARTESIAN_POINT('',(-0.0425,-8.67361737988404E-19,-2.16840434497101E-19));
#4255=CARTESIAN_POINT('',(-0.0425,-0.003759034488735,0.000556470765180669));
#4256=CARTESIAN_POINT('',(-0.0425,-0.00194977875328239,0.0127782353825903));
#4257=CARTESIAN_POINT('',(-0.0425,-0.00370192612602097,0.000942245397865216));
#4258=CARTESIAN_POINT('',(-0.0425,-2.81892564846231E-18,0.0018));
#4259=CARTESIAN_POINT('',(-0.0395,3.46944695195361E-18,0.0218));
#4260=CARTESIAN_POINT('',(-0.0395,0.,0.0018));
#4261=CARTESIAN_POINT('',(-0.0395,0.,0.0005));
#4262=CARTESIAN_POINT('',(-0.0395,0.00103801219741321,0.025));
#4263=CARTESIAN_POINT('',(-0.0395,-0.000140523017829797,0.025));
#4264=CARTESIAN_POINT('',(-0.0395,0.00221654741265621,0.025));
#4265=CARTESIAN_POINT('',(-0.0395,-0.0294161354614671,0.0184472512599713));
#4266=CARTESIAN_POINT('',(-0.0395,-0.00329462402321555,0.00369362560969494));
#4267=CARTESIAN_POINT('',(-0.0395,-2.81892564846231E-18,0.0018));
#4268=CARTESIAN_POINT('',(-0.0395,-0.00370192612602096,0.000942245397865214));
#4269=CARTESIAN_POINT('',(-0.0395,-0.00194977875328239,0.0127782353825903));
#4270=CARTESIAN_POINT('',(-0.0395,-0.003759034488735,0.000556470765180669));
#4271=CARTESIAN_POINT('',(-0.0395,-8.67361737988404E-19,-2.16840434497101E-19));
#4272=CARTESIAN_POINT('',(-0.0395,-0.0038,-2.16840434497101E-19));
#4273=CARTESIAN_POINT('',(-0.0395,-0.0038,-0.0025));
#4274=CARTESIAN_POINT('',(-0.0395,-0.0038,-0.0032));
#4275=CARTESIAN_POINT('',(-0.0395,3.46944695195361E-18,-0.0032));
#4276=CARTESIAN_POINT('',(-0.0395,0.00623538290724797,-0.0032));
#4277=CARTESIAN_POINT('',(-0.0395,0.00623538290724797,-0.000990761036362569));
#4278=CARTESIAN_POINT('',(-0.0395,0.00623538290724797,0.00121847792727486));
#4279=CARTESIAN_POINT('',(-0.0395,-0.0263247597877408,0.00794647699113478));
#4280=CARTESIAN_POINT('',(0.0425,5.20417042793042E-18,0.0218));
#4281=CARTESIAN_POINT('',(0.0425,0.,0.0018));
#4282=CARTESIAN_POINT('',(0.0425,0.,0.0005));
#4283=CARTESIAN_POINT('',(0.0425,-0.0294161354614671,0.0184472512599713));
#4284=CARTESIAN_POINT('',(0.0425,-0.00329462402321555,0.00369362560969494));
#4285=CARTESIAN_POINT('',(0.0425,-0.000140523017829797,0.025));
#4286=CARTESIAN_POINT('',(0.0425,0.,0.0018));
#4287=CARTESIAN_POINT('',(0.0425,-0.00370192612602097,0.000942245397865215));
#4288=CARTESIAN_POINT('',(0.0425,-0.00194977875328239,0.0127782353825903));
#4289=CARTESIAN_POINT('',(0.0425,-0.003759034488735,0.000556470765180669));
#4290=CARTESIAN_POINT('',(0.0425,-8.67361737988404E-19,-2.16840434497101E-19));
#4291=CARTESIAN_POINT('',(0.0425,-0.0038,-2.16840434497101E-19));
#4292=CARTESIAN_POINT('',(0.0425,-0.0038,-0.0025));
#4293=CARTESIAN_POINT('',(0.0425,-0.0038,-0.0032));
#4294=CARTESIAN_POINT('',(0.0425,5.20417042793042E-18,-0.0032));
#4295=CARTESIAN_POINT('',(0.0425,0.00286758429290401,-0.0032));
#4296=CARTESIAN_POINT('',(0.0425,-0.0263247597877408,0.00794647699113479));
#4297=CARTESIAN_POINT('',(0.0395,3.46944695195361E-18,0.0218));
#4298=CARTESIAN_POINT('',(0.0395,0.,0.0018));
#4299=CARTESIAN_POINT('',(0.0395,0.,0.0031));
#4300=CARTESIAN_POINT('',(0.0395,0.,0.0018));
#4301=CARTESIAN_POINT('',(0.0395,-0.00329462402321555,0.00369362560969494));
#4302=CARTESIAN_POINT('',(0.0395,-0.00370192612602097,0.000942245397865214));
#4303=CARTESIAN_POINT('',(0.0395,-0.0294161354614671,0.0184472512599713));
#4304=CARTESIAN_POINT('',(0.0395,-0.000140523017829797,0.025));
#4305=CARTESIAN_POINT('',(0.0395,0.00103801219741321,0.025));
#4306=CARTESIAN_POINT('',(0.0395,0.00221654741265621,0.025));
#4307=CARTESIAN_POINT('',(0.0395,-0.0263247597877408,0.00794647699113478));
#4308=CARTESIAN_POINT('',(0.0395,0.00623538290724797,0.00121847792727486));
#4309=CARTESIAN_POINT('',(0.0395,0.00623538290724797,-0.000990761036362569));
#4310=CARTESIAN_POINT('',(0.0395,0.00623538290724797,-0.0032));
#4311=CARTESIAN_POINT('',(0.0395,3.46944695195361E-18,-0.0032));
#4312=CARTESIAN_POINT('',(0.0395,-0.0038,-0.0032));
#4313=CARTESIAN_POINT('',(0.0395,-0.0038,-0.0025));
#4314=CARTESIAN_POINT('',(0.0395,-0.0038,-2.16840434497101E-19));
#4315=CARTESIAN_POINT('',(0.0395,-8.67361737988404E-19,-2.16840434497101E-19));
#4316=CARTESIAN_POINT('',(0.0395,-0.003759034488735,0.000556470765180669));
#4317=CARTESIAN_POINT('',(0.0395,-0.00194977875328239,0.0127782353825903));
#4318=CARTESIAN_POINT('',(0.0207,0.0482160503011392,0.0145956581497637));
#4319=CARTESIAN_POINT('',(0.055,0.038,0.0269697772583126));
#4320=CARTESIAN_POINT('',(0.0531675620833535,0.0396262445331611,0.025));
#4321=CARTESIAN_POINT('',(0.055,0.04045,0.024002231981782));
#4322=CARTESIAN_POINT('',(0.0207,0.0396262445331611,0.025));
#4323=CARTESIAN_POINT('',(-0.0531675620833535,0.0396262445331611,0.025));
#4324=CARTESIAN_POINT('',(-0.055,0.038,0.0269697772583126));
#4325=CARTESIAN_POINT('',(-0.055,0.04045,0.024002231981782));
#4326=CARTESIAN_POINT('',(0.0207,0.04045,0.024002231981782));
#4327=CARTESIAN_POINT('',(-0.0577,0.04045,0.024002231981782));
#4328=CARTESIAN_POINT('',(-0.0577,0.0482160503011392,0.0145956581497637));
#4329=CARTESIAN_POINT('',(-0.0577,0.0568058560691174,0.0041913162995273));
#4330=CARTESIAN_POINT('',(0.0207,0.0568058560691174,0.0041913162995273));
#4331=CARTESIAN_POINT('',(0.0577,0.0568058560691174,0.0041913162995273));
#4332=CARTESIAN_POINT('',(0.0577,0.0482160503011392,0.0145956581497637));
#4333=CARTESIAN_POINT('',(0.0577,0.04045,0.024002231981782));
#4334=CARTESIAN_POINT('',(0.0207,0.04045,0.024002231981782));
#4335=CARTESIAN_POINT('',(0.0577,0.0301029280345587,0.01));
#4336=CARTESIAN_POINT('',(0.0577,0.03555,0.023));
#4337=CARTESIAN_POINT('',(0.0577,0.03555,0.023));
#4338=CARTESIAN_POINT('',(0.0577,0.03555,0.025));
#4339=CARTESIAN_POINT('',(0.0577,0.038,0.023));
#4340=CARTESIAN_POINT('',(0.0577,0.04045,0.023));
#4341=CARTESIAN_POINT('',(0.0577,0.04045,0.023));
#4342=CARTESIAN_POINT('',(0.0577,0.0568058560691174,0.00049565814976365));
#4343=CARTESIAN_POINT('',(0.0577,0.0568058560691174,-0.0032));
#4344=CARTESIAN_POINT('',(0.0577,0.0458058560691174,-0.0032));
#4345=CARTESIAN_POINT('',(0.0577,0.0348058560691174,-0.0032));
#4346=CARTESIAN_POINT('',(0.0577,0.0348058560691174,0.0033));
#4347=CARTESIAN_POINT('',(0.0577,0.0348058560691174,0.0098));
#4348=CARTESIAN_POINT('',(0.0577,0.0342058560691174,0.0098));
#4349=CARTESIAN_POINT('',(0.0577,0.0336058560691174,0.0098));
#4350=CARTESIAN_POINT('',(0.0577,0.0336058560691174,0.0033));
#4351=CARTESIAN_POINT('',(0.0577,0.0336058560691174,-0.0032));
#4352=CARTESIAN_POINT('',(0.0577,0.0199206194881827,-0.0032));
#4353=CARTESIAN_POINT('',(0.0577,0.00623538290724797,-0.0032));
#4354=CARTESIAN_POINT('',(0.0577,0.00623538290724797,-0.000990761036362569));
#4355=CARTESIAN_POINT('',(0.0577,0.00623538290724797,0.00121847792727486));
#4356=CARTESIAN_POINT('',(0.0577,-0.0263247597877408,0.00794647699113478));
#4357=CARTESIAN_POINT('',(0.0577,0.00221654741265621,0.025));
#4358=CARTESIAN_POINT('',(0.0577,0.041117530003629,0.025));
#4359=CARTESIAN_POINT('',(-0.0577,0.0301029280345587,0.01));
#4360=CARTESIAN_POINT('',(-0.0577,0.04045,0.023));
#4361=CARTESIAN_POINT('',(-0.0577,0.04045,0.023));
#4362=CARTESIAN_POINT('',(-0.0577,0.038,0.023));
#4363=CARTESIAN_POINT('',(-0.0577,0.03555,0.023));
#4364=CARTESIAN_POINT('',(-0.0577,0.03555,0.023));
#4365=CARTESIAN_POINT('',(-0.0577,0.03555,0.025));
#4366=CARTESIAN_POINT('',(-0.0577,0.041117530003629,0.025));
#4367=CARTESIAN_POINT('',(-0.0577,0.00221654741265621,0.025));
#4368=CARTESIAN_POINT('',(-0.0577,-0.0263247597877408,0.00794647699113478));
#4369=CARTESIAN_POINT('',(-0.0577,0.00623538290724797,0.00121847792727486));
#4370=CARTESIAN_POINT('',(-0.0577,0.00623538290724797,-0.000990761036362569));
#4371=CARTESIAN_POINT('',(-0.0577,0.00623538290724797,-0.0032));
#4372=CARTESIAN_POINT('',(-0.0577,0.0199206194881827,-0.0032));
#4373=CARTESIAN_POINT('',(-0.0577,0.0336058560691174,-0.0032));
#4374=CARTESIAN_POINT('',(-0.0577,0.0336058560691174,0.0033));
#4375=CARTESIAN_POINT('',(-0.0577,0.0336058560691174,0.0098));
#4376=CARTESIAN_POINT('',(-0.0577,0.0342058560691174,0.0098));
#4377=CARTESIAN_POINT('',(-0.0577,0.0348058560691174,0.0098));
#4378=CARTESIAN_POINT('',(-0.0577,0.0348058560691174,0.0033));
#4379=CARTESIAN_POINT('',(-0.0577,0.0348058560691174,-0.0032));
#4380=CARTESIAN_POINT('',(-0.0577,0.0458058560691174,-0.0032));
#4381=CARTESIAN_POINT('',(-0.0577,0.0568058560691174,-0.0032));
#4382=CARTESIAN_POINT('',(-0.0577,0.0568058560691174,0.00049565814976365));
#4383=CARTESIAN_POINT('',(-0.042502,0.,0.0018));
#4384=CARTESIAN_POINT('',(-0.0207,0.,0.0018));
#4385=CARTESIAN_POINT('',(-0.0207,0.,0.0031));
#4386=CARTESIAN_POINT('',(-0.0187,0.,0.0018));
#4387=CARTESIAN_POINT('',(-0.0187,0.,0.0005));
#4388=CARTESIAN_POINT('',(-0.042502,0.,0.0018));
#4389=CARTESIAN_POINT('',(-0.042502,0.,0.0018));
#4390=CARTESIAN_POINT('',(-0.042502,0.,0.0018));
#4391=CARTESIAN_POINT('',(0.0187,0.,0.0018));
#4392=CARTESIAN_POINT('',(0.0187,0.,0.0005));
#4393=CARTESIAN_POINT('',(0.0207,0.,0.0018));
#4394=CARTESIAN_POINT('',(0.0207,0.,0.0005));
#4395=CARTESIAN_POINT('',(0.0207,0.0580058560691174,-0.00275));
#4396=CARTESIAN_POINT('',(0.0366875062803808,0.0580058560691174,-0.00275));
#4397=CARTESIAN_POINT('',(0.035,0.0580058560691174,-0.000499999999999987));
#4398=CARTESIAN_POINT('',(0.0383750125607615,0.0580058560691174,-0.005));
#4399=CARTESIAN_POINT('',(0.0207,0.0580058560691174,-0.000499999999999987));
#4400=CARTESIAN_POINT('',(0.0597,0.0580058560691174,-0.000499999999999987));
#4401=CARTESIAN_POINT('',(0.0597,0.0580058560691174,-0.00275));
#4402=CARTESIAN_POINT('',(0.0597,0.0580058560691174,-0.005));
#4403=CARTESIAN_POINT('',(0.0207,0.0580058560691174,-0.005));
#4404=CARTESIAN_POINT('',(0.0207,0.0580058560691174,-0.00275));
#4405=CARTESIAN_POINT('',(0.0207,0.0580058560691174,-0.005));
#4406=CARTESIAN_POINT('',(-0.0108750125607615,0.0580058560691174,-0.005));
#4407=CARTESIAN_POINT('',(-0.0216249874392384,0.0580058560691174,-0.005));
#4408=CARTESIAN_POINT('',(-0.0233124937196192,0.0580058560691174,-0.00275));
#4409=CARTESIAN_POINT('',(-0.025,0.0580058560691174,-0.000499999999999987));
#4410=CARTESIAN_POINT('',(0.0207,0.0580058560691174,-0.000499999999999987));
#4411=CARTESIAN_POINT('',(-0.0075,0.0580058560691174,-0.000499999999999987));
#4412=CARTESIAN_POINT('',(-0.00918750628038077,0.0580058560691174,-0.00275));
#4413=CARTESIAN_POINT('',(0.0207,0.0580058560691174,-0.00275));
#4414=CARTESIAN_POINT('',(0.0207,0.0580058560691174,-0.000499999999999987));
#4415=CARTESIAN_POINT('',(-0.035,0.0580058560691174,-0.000499999999999987));
#4416=CARTESIAN_POINT('',(-0.0597,0.0580058560691174,-0.000499999999999987));
#4417=CARTESIAN_POINT('',(-0.0366875062803808,0.0580058560691174,-0.00275));
#4418=CARTESIAN_POINT('',(-0.0383750125607615,0.0580058560691174,-0.005));
#4419=CARTESIAN_POINT('',(0.0207,0.0580058560691174,-0.005));
#4420=CARTESIAN_POINT('',(-0.0597,0.0580058560691174,-0.005));
#4421=CARTESIAN_POINT('',(-0.0597,0.0580058560691174,-0.00275));
#4422=CARTESIAN_POINT('',(0.0207,0.0580058560691174,-0.00275));
#4423=CARTESIAN_POINT('',(0.0233124937196192,0.0580058560691174,-0.00275));
#4424=CARTESIAN_POINT('',(0.0216249874392384,0.0580058560691174,-0.005));
#4425=CARTESIAN_POINT('',(0.025,0.0580058560691174,-0.000499999999999987));
#4426=CARTESIAN_POINT('',(0.0207,0.0580058560691174,-0.005));
#4427=CARTESIAN_POINT('',(0.0108750125607615,0.0580058560691174,-0.005));
#4428=CARTESIAN_POINT('',(0.00918750628038077,0.0580058560691174,-0.00275));
#4429=CARTESIAN_POINT('',(0.0075,0.0580058560691174,-0.000499999999999987));
#4430=CARTESIAN_POINT('',(0.0207,0.0580058560691174,-0.000499999999999987));
#4431=CARTESIAN_POINT('',(0.0207,0.0610058560691174,-0.000499999999999986));
#4432=CARTESIAN_POINT('',(0.035,0.0640078560691174,-0.000499999999999987));
#4433=CARTESIAN_POINT('',(0.0597,0.0610058560691174,-0.000499999999999986));
#4434=CARTESIAN_POINT('',(0.0207,0.0610058560691174,-0.000499999999999986));
#4435=CARTESIAN_POINT('',(-0.025,0.0640078560691174,-0.000499999999999987));
#4436=CARTESIAN_POINT('',(-0.0075,0.0640078560691174,-0.000499999999999987));
#4437=CARTESIAN_POINT('',(0.0207,0.0610058560691174,-0.000499999999999986));
#4438=CARTESIAN_POINT('',(0.025,0.0640078560691174,-0.000499999999999987));
#4439=CARTESIAN_POINT('',(0.0075,0.0640078560691174,-0.000499999999999987));
#4440=CARTESIAN_POINT('',(0.0207,0.041117530003629,0.025));
#4441=CARTESIAN_POINT('',(0.016,0.025,0.025));
#4442=CARTESIAN_POINT('',(0.01685,0.025,0.025));
#4443=CARTESIAN_POINT('',(-0.016,0.025,0.025));
#4444=CARTESIAN_POINT('',(-0.01515,0.025,0.025));
#4445=CARTESIAN_POINT('',(-0.0157,0.0192837796250891,0.025));
#4446=CARTESIAN_POINT('',(-0.0207,0.0192837796250891,0.025));
#4447=CARTESIAN_POINT('',(-0.0187,0.0192837796250891,0.025));
#4448=CARTESIAN_POINT('',(-0.0207,-0.00507475978774081,0.025));
#4449=CARTESIAN_POINT('',(-0.0207,-0.0348247597877408,0.025));
#4450=CARTESIAN_POINT('',(0.0207,-0.0348247597877408,0.025));
#4451=CARTESIAN_POINT('',(0.0207,-0.0348247597877408,0.025));
#4452=CARTESIAN_POINT('',(0.0207,-0.00507475978774081,0.025));
#4453=CARTESIAN_POINT('',(0.0207,0.0192837796250891,0.025));
#4454=CARTESIAN_POINT('',(0.018698,0.0192837796250891,0.025));
#4455=CARTESIAN_POINT('',(0.0187,0.0192837796250891,0.025));
#4456=CARTESIAN_POINT('',(0.0187,0.025,0.025));
#4457=CARTESIAN_POINT('',(0.0187,0.0246752402122592,0.025));
#4458=CARTESIAN_POINT('',(0.0127,0.0246752402122592,0.025));
#4459=CARTESIAN_POINT('',(0.0186803975601142,0.0246752402122592,0.025));
#4460=CARTESIAN_POINT('',(0.016,0.025,0.025));
#4461=CARTESIAN_POINT('',(0.0167,0.022392319037919,0.025));
#4462=CARTESIAN_POINT('',(0.0167,-0.239142380923072,0.025));
#4463=CARTESIAN_POINT('',(0.0167,0.017283779625089,0.025));
#4464=CARTESIAN_POINT('',(0.0177,0.017283779625089,0.025));
#4465=CARTESIAN_POINT('',(0.0187,0.017283779625089,0.025));
#4466=CARTESIAN_POINT('',(0.0187,-0.00507475978774081,0.025));
#4467=CARTESIAN_POINT('',(0.0187,-0.0253923190379189,0.025));
#4468=CARTESIAN_POINT('',(0.018,-0.028,0.025));
#4469=CARTESIAN_POINT('',(0.0187,-0.030607680962081,0.025));
#4470=CARTESIAN_POINT('',(0.0187,-0.00507475978774081,0.025));
#4471=CARTESIAN_POINT('',(0.0187,-0.0328247597877408,0.025));
#4472=CARTESIAN_POINT('',(0.,-0.0328247597877408,0.025));
#4473=CARTESIAN_POINT('',(-0.0187,-0.0328247597877408,0.025));
#4474=CARTESIAN_POINT('',(-0.0187,-0.00507475978774081,0.025));
#4475=CARTESIAN_POINT('',(-0.0187,-0.030607680962081,0.025));
#4476=CARTESIAN_POINT('',(-0.018,-0.028,0.025));
#4477=CARTESIAN_POINT('',(-0.0187,-0.0253923190379189,0.025));
#4478=CARTESIAN_POINT('',(-0.0187,-0.00507475978774081,0.025));
#4479=CARTESIAN_POINT('',(-0.0187,0.017283779625089,0.025));
#4480=CARTESIAN_POINT('',(-0.0167,0.017283779625089,0.025));
#4481=CARTESIAN_POINT('',(-0.0167,0.017283779625089,0.025));
#4482=CARTESIAN_POINT('',(-0.0167,0.023533779625089,0.025));
#4483=CARTESIAN_POINT('',(-0.0167,0.022392319037919,0.025));
#4484=CARTESIAN_POINT('',(-0.016,0.025,0.025));
#4485=CARTESIAN_POINT('',(-0.0186803975601142,0.0246752402122592,0.025));
#4486=CARTESIAN_POINT('',(-0.0167,0.0246752402122592,0.025));
#4487=CARTESIAN_POINT('',(-0.0187,0.0246752402122592,0.025));
#4488=CARTESIAN_POINT('',(-0.0187,0.023533779625089,0.025));
#4489=CARTESIAN_POINT('',(-0.018,-0.028,0.025));
#4490=CARTESIAN_POINT('',(-0.01715,-0.028,0.025));
#4491=CARTESIAN_POINT('',(0.018,-0.028,0.025));
#4492=CARTESIAN_POINT('',(0.01885,-0.028,0.025));
#4493=CARTESIAN_POINT('',(-0.0187,-0.00507475978774081,0.025002));
#4494=CARTESIAN_POINT('',(-0.0187,-0.0328247597877408,0.025002));
#4495=CARTESIAN_POINT('',(-0.0187,-0.0328247597877408,-0.0032));
#4496=CARTESIAN_POINT('',(-0.0187,-0.00507475978774081,-0.0032));
#4497=CARTESIAN_POINT('',(-0.0187,0.017283779625089,-0.0032));
#4498=CARTESIAN_POINT('',(-0.0187,0.017283779625089,0.00574626865671642));
#4499=CARTESIAN_POINT('',(-0.0187,-0.0253923190379189,0.021));
#4500=CARTESIAN_POINT('',(-0.0187,-0.0253923190379189,0.021));
#4501=CARTESIAN_POINT('',(-0.0187,-0.00507475978774081,0.021));
#4502=CARTESIAN_POINT('',(-0.0187,-0.0275178174619503,0.021));
#4503=CARTESIAN_POINT('',(-0.0187,-0.00507475978774081,0.021));
#4504=CARTESIAN_POINT('',(-0.0187,-0.0284821825380497,0.021));
#4505=CARTESIAN_POINT('',(-0.0187,-0.00507475978774081,0.021));
#4506=CARTESIAN_POINT('',(-0.0187,-0.030607680962081,0.021));
#4507=CARTESIAN_POINT('',(-0.0187,-0.030607680962081,0.021));
#4508=CARTESIAN_POINT('',(-0.0187,-0.00371622037491094,0.0182));
#4509=CARTESIAN_POINT('',(-0.0187,-0.00371622037491094,0.0162));
#4510=CARTESIAN_POINT('',(-0.0187,-0.00371622037491094,0.0212));
#4511=CARTESIAN_POINT('',(-0.0187,-0.00521622037491094,0.0162));
#4512=CARTESIAN_POINT('',(-0.0187,-0.00671622037491094,0.0162));
#4513=CARTESIAN_POINT('',(-0.0187,-0.00671622037491094,0.0182));
#4514=CARTESIAN_POINT('',(-0.0187,-0.00671622037491094,0.0212));
#4515=CARTESIAN_POINT('',(-0.0187,-0.00521622037491094,0.0212));
#4516=CARTESIAN_POINT('',(-0.0167,0.0303156291744854,0.0154));
#4517=CARTESIAN_POINT('',(-0.016,0.025,0.0244472555025565));
#4518=CARTESIAN_POINT('',(-0.0187,0.025,0.0244472555025565));
#4519=CARTESIAN_POINT('',(-0.0187,0.0303156291744854,0.0154));
#4520=CARTESIAN_POINT('',(-0.0207,0.0199206194881827,-0.0032));
#4521=CARTESIAN_POINT('',(0.0177,0.017283779625089,-0.0032));
#4522=CARTESIAN_POINT('',(0.0187,0.017283779625089,-0.0032));
#4523=CARTESIAN_POINT('',(0.0167,0.017283779625089,-0.0032));
#4524=CARTESIAN_POINT('',(0.0167,0.0281405481406883,-0.0032));
#4525=CARTESIAN_POINT('',(0.0167,0.0336058560691174,-0.0032));
#4526=CARTESIAN_POINT('',(0.0207,0.0336058560691174,-0.0032));
#4527=CARTESIAN_POINT('',(-0.0167,0.0336058560691174,-0.0032));
#4528=CARTESIAN_POINT('',(-0.0167,0.0254448178471032,-0.0032));
#4529=CARTESIAN_POINT('',(-0.0167,0.017283779625089,-0.0032));
#4530=CARTESIAN_POINT('',(-0.0167,0.017283779625089,-0.0032));
#4531=CARTESIAN_POINT('',(0.,-0.0328247597877408,-0.0032));
#4532=CARTESIAN_POINT('',(0.0187,-0.0328247597877408,-0.0032));
#4533=CARTESIAN_POINT('',(0.0187,-0.00507475978774081,-0.0032));
#4534=CARTESIAN_POINT('',(0.0207,0.0336058560691174,0.0033));
#4535=CARTESIAN_POINT('',(0.0207,0.0336058560691174,0.0098));
#4536=CARTESIAN_POINT('',(0.0167,0.0336058560691174,0.0098));
#4537=CARTESIAN_POINT('',(-0.0167,0.0336058560691174,0.0098));
#4538=CARTESIAN_POINT('',(-0.0167,0.0336058560691174,0.0033));
#4539=CARTESIAN_POINT('',(0.0167,0.0336058560691174,0.025002));
#4540=CARTESIAN_POINT('',(-0.0905819669577467,0.0291405481406883,0.0174));
#4541=CARTESIAN_POINT('',(0.016,0.025,0.0244472555025565));
#4542=CARTESIAN_POINT('',(0.0187,0.025,0.0244472555025565));
#4543=CARTESIAN_POINT('',(0.0187,0.0258202461808116,0.0230511880702347));
#4544=CARTESIAN_POINT('',(0.0187,0.0291405481406883,0.025002));
#4545=CARTESIAN_POINT('',(0.0187,0.0192837796250891,0.0089));
#4546=CARTESIAN_POINT('',(0.0187,0.0192837796250891,-0.0032));
#4547=CARTESIAN_POINT('',(0.0187,0.0291405481406883,-0.0032));
#4548=CARTESIAN_POINT('',(0.0187,0.0336058560691174,-0.0032));
#4549=CARTESIAN_POINT('',(0.0187,0.0336058560691174,0.025002));
#4550=CARTESIAN_POINT('',(0.0187,0.0336058560691174,0.0098));
#4551=CARTESIAN_POINT('',(0.0187,0.0258202461808116,0.0230511880702347));
#4552=CARTESIAN_POINT('',(3.46944695195361E-18,-0.00521622037491094,0.0182));
#4553=CARTESIAN_POINT('',(0.0167,-0.00521622037491094,0.0182));
#4554=CARTESIAN_POINT('',(0.0167,0.017783779625089,0.0182));
#4555=CARTESIAN_POINT('',(0.0167,0.0192837796250891,0.0182));
#4556=CARTESIAN_POINT('',(0.01535,0.017783779625089,0.0182));
#4557=CARTESIAN_POINT('',(0.012,0.017783779625089,0.0182));
#4558=CARTESIAN_POINT('',(0.012,0.0147837796250891,0.0182));
#4559=CARTESIAN_POINT('',(0.012,0.0176837796250891,0.0182));
#4560=CARTESIAN_POINT('',(0.012,0.0162837796250891,0.0182));
#4561=CARTESIAN_POINT('',(0.012,0.0148837796250891,0.0182));
#4562=CARTESIAN_POINT('',(0.012,0.0147837796250891,0.0182));
#4563=CARTESIAN_POINT('',(0.012,0.0147837796250891,0.0182));
#4564=CARTESIAN_POINT('',(0.01535,0.0147837796250891,0.0182));
#4565=CARTESIAN_POINT('',(0.0187,0.0147837796250891,0.0182));
#4566=CARTESIAN_POINT('',(0.0187,0.0162837796250891,0.0182));
#4567=CARTESIAN_POINT('',(0.0187,0.0132837796250891,0.0182));
#4568=CARTESIAN_POINT('',(0.01535,0.0132837796250891,0.0182));
#4569=CARTESIAN_POINT('',(0.012,0.0132837796250891,0.0182));
#4570=CARTESIAN_POINT('',(0.012,0.0162837796250891,0.0182));
#4571=CARTESIAN_POINT('',(0.012,0.0192837796250891,0.0182));
#4572=CARTESIAN_POINT('',(0.01535,0.0192837796250891,0.0182));
#4573=CARTESIAN_POINT('',(0.01535,0.0192837796250891,0.0182));
#4574=CARTESIAN_POINT('',(0.0167,0.0192837796250891,0.0182));
#4575=CARTESIAN_POINT('',(0.0167,0.0192837796250891,0.0212));
#4576=CARTESIAN_POINT('',(0.012,0.0192837796250891,0.0182));
#4577=CARTESIAN_POINT('',(0.012,0.0192837796250891,0.0212));
#4578=CARTESIAN_POINT('',(0.01535,0.0192837796250891,0.0212));
#4579=CARTESIAN_POINT('',(0.01535,0.017783779625089,0.0157));
#4580=CARTESIAN_POINT('',(0.0167,0.017783779625089,0.0157));
#4581=CARTESIAN_POINT('',(0.0167,0.017783779625089,0.0146925373134328));
#4582=CARTESIAN_POINT('',(0.01535,0.017783779625089,0.0157));
#4583=CARTESIAN_POINT('',(0.0187,-0.00507475978774081,0.025002));
#4584=CARTESIAN_POINT('',(0.0187,0.017283779625089,0.025002));
#4585=CARTESIAN_POINT('',(0.0187,0.017283779625089,0.0132));
#4586=CARTESIAN_POINT('',(0.0187,-0.0328247597877408,0.025002));
#4587=CARTESIAN_POINT('',(0.0187,-0.030607680962081,0.021));
#4588=CARTESIAN_POINT('',(0.0187,-0.030607680962081,0.021));
#4589=CARTESIAN_POINT('',(0.0187,-0.00507475978774081,0.021));
#4590=CARTESIAN_POINT('',(0.0187,-0.0297162203749109,0.021));
#4591=CARTESIAN_POINT('',(0.0187,-0.0297162203749109,0.0182));
#4592=CARTESIAN_POINT('',(0.0187,-0.0297162203749109,0.0182));
#4593=CARTESIAN_POINT('',(0.0187,-0.0267162203749109,0.0182));
#4594=CARTESIAN_POINT('',(0.0187,-0.0282162203749109,0.0182));
#4595=CARTESIAN_POINT('',(0.0187,-0.0282162203749109,0.0157));
#4596=CARTESIAN_POINT('',(0.0187,-0.0282162203749109,0.0132));
#4597=CARTESIAN_POINT('',(0.0187,-0.025216220374911,0.0132));
#4598=CARTESIAN_POINT('',(0.0187,-0.025216220374911,0.0132));
#4599=CARTESIAN_POINT('',(0.0187,-0.025216220374911,0.0157));
#4600=CARTESIAN_POINT('',(0.0187,-0.025216220374911,0.0182));
#4601=CARTESIAN_POINT('',(0.0187,-0.0267162203749109,0.0182));
#4602=CARTESIAN_POINT('',(0.0187,-0.0237162203749109,0.0182));
#4603=CARTESIAN_POINT('',(0.0187,-0.0237162203749109,0.0182));
#4604=CARTESIAN_POINT('',(0.0187,-0.0237162203749109,0.0212));
#4605=CARTESIAN_POINT('',(0.0187,-0.0267162203749109,0.0212));
#4606=CARTESIAN_POINT('',(0.0187,-0.0253923190379189,0.0212));
#4607=CARTESIAN_POINT('',(0.0187,-0.0253923190379189,0.021));
#4608=CARTESIAN_POINT('',(0.0187,0.017283779625089,0.025002));
#4609=CARTESIAN_POINT('',(0.0187,0.017283779625089,0.0212));
#4610=CARTESIAN_POINT('',(0.0187,0.0162837796250891,0.0212));
#4611=CARTESIAN_POINT('',(0.0187,0.0132837796250891,0.0212));
#4612=CARTESIAN_POINT('',(0.0187,0.0132837796250891,0.0182));
#4613=CARTESIAN_POINT('',(0.0187,0.0147837796250891,0.0157));
#4614=CARTESIAN_POINT('',(0.0187,0.0147837796250891,0.0132));
#4615=CARTESIAN_POINT('',(0.0187,0.0147837796250891,0.0132));
#4616=CARTESIAN_POINT('',(0.0207,0.0336058560691174,0.0033));
#4617=CARTESIAN_POINT('',(0.0316,0.0336058560691174,0.0098));
#4618=CARTESIAN_POINT('',(0.0316,0.0336058560691174,0.00605000000000008));
#4619=CARTESIAN_POINT('',(0.0316,0.0336058560691174,0.0098));
#4620=CARTESIAN_POINT('',(0.02935,0.0336058560691174,0.00605000000000008));
#4621=CARTESIAN_POINT('',(0.0271,0.0336058560691174,0.00605000000000008));
#4622=CARTESIAN_POINT('',(0.0271,0.0336058560691174,0.0098));
#4623=CARTESIAN_POINT('',(0.0271,0.0336058560691174,0.0098));
#4624=CARTESIAN_POINT('',(0.0207,0.0336058560691174,0.0098));
#4625=CARTESIAN_POINT('',(0.0207,0.0336058560691174,-0.0032));
#4626=CARTESIAN_POINT('',(0.0207,0.0336058560691174,0.0098));
#4627=CARTESIAN_POINT('',(0.0207,0.0348058560691174,0.0033));
#4628=CARTESIAN_POINT('',(-0.02935,0.0348058560691174,0.00605000000000008));
#4629=CARTESIAN_POINT('',(-0.0271,0.0348058560691174,0.00605000000000008));
#4630=CARTESIAN_POINT('',(-0.0316,0.0348058560691174,0.00605000000000008));
#4631=CARTESIAN_POINT('',(-0.0271,0.0348058560691174,0.0098));
#4632=CARTESIAN_POINT('',(-0.0271,0.0348058560691174,0.0098));
#4633=CARTESIAN_POINT('',(0.0207,0.0348058560691174,0.0098));
#4634=CARTESIAN_POINT('',(0.0271,0.0348058560691174,0.0098));
#4635=CARTESIAN_POINT('',(0.0271,0.0348058560691174,0.0098));
#4636=CARTESIAN_POINT('',(0.0271,0.0348058560691174,0.00605000000000008));
#4637=CARTESIAN_POINT('',(0.02935,0.0348058560691174,0.00605000000000008));
#4638=CARTESIAN_POINT('',(0.0316,0.0348058560691174,0.00605000000000008));
#4639=CARTESIAN_POINT('',(0.0316,0.0348058560691174,0.0098));
#4640=CARTESIAN_POINT('',(0.0316,0.0348058560691174,0.0098));
#4641=CARTESIAN_POINT('',(0.0207,0.0348058560691174,0.0098));
#4642=CARTESIAN_POINT('',(0.0207,0.0348058560691174,-0.0032));
#4643=CARTESIAN_POINT('',(0.0207,0.0348058560691174,0.0098));
#4644=CARTESIAN_POINT('',(-0.0316,0.0348058560691174,0.0098));
#4645=CARTESIAN_POINT('',(-0.0316,0.0348058560691174,0.0098));
#4646=CARTESIAN_POINT('',(0.0207,0.0342058560691174,0.0098));
#4647=CARTESIAN_POINT('',(-0.0207,0.0336058560691174,0.0098));
#4648=CARTESIAN_POINT('',(-0.0316,0.0336058560691174,0.0098));
#4649=CARTESIAN_POINT('',(-0.0316,0.0342058560691174,0.0098));
#4650=CARTESIAN_POINT('',(0.0207,0.0342058560691174,0.0098));
#4651=CARTESIAN_POINT('',(-0.0271,0.0342058560691174,0.0098));
#4652=CARTESIAN_POINT('',(-0.0271,0.0336058560691174,0.0098));
#4653=CARTESIAN_POINT('',(0.0207,0.0336058560691174,0.0098));
#4654=CARTESIAN_POINT('',(-0.0187,0.0336058560691174,0.0098));
#4655=CARTESIAN_POINT('',(-0.0167,0.0336058560691174,0.0098));
#4656=CARTESIAN_POINT('',(0.0207,0.0336058560691174,0.0098));
#4657=CARTESIAN_POINT('',(0.0271,0.0342058560691174,0.0098));
#4658=CARTESIAN_POINT('',(-0.01685,-0.00371622037491094,0.0182));
#4659=CARTESIAN_POINT('',(-0.0161,-0.00371622037491094,0.0177));
#4660=CARTESIAN_POINT('',(-0.015,-0.00371622037491094,0.0183346153846154));
#4661=CARTESIAN_POINT('',(-0.01685,-0.00371622037491094,0.0212));
#4662=CARTESIAN_POINT('',(-0.015,-0.00371622037491094,0.0212));
#4663=CARTESIAN_POINT('',(-0.015,-0.00371622037491094,0.0182));
#4664=CARTESIAN_POINT('',(-0.0207,0.0199206194881827,-0.0032));
#4665=CARTESIAN_POINT('',(-0.0597,0.00623538290724797,-0.0032));
#4666=CARTESIAN_POINT('',(-0.0597,-0.0038,-0.0032));
#4667=CARTESIAN_POINT('',(-0.0207,-0.0038,-0.0032));
#4668=CARTESIAN_POINT('',(-0.0207,0.0199206194881827,-0.0032));
#4669=CARTESIAN_POINT('',(-0.0207,0.0192837796250891,-0.0032));
#4670=CARTESIAN_POINT('',(-0.0157,0.0192837796250891,-0.0032));
#4671=CARTESIAN_POINT('',(-0.0187,0.0192837796250891,-0.0032));
#4672=CARTESIAN_POINT('',(-0.0187,0.0254448178471032,-0.0032));
#4673=CARTESIAN_POINT('',(-0.0187,0.0336058560691174,-0.0032));
#4674=CARTESIAN_POINT('',(0.0207,0.0336058560691174,-0.0032));
#4675=CARTESIAN_POINT('',(-0.0301,0.021,-0.0032));
#4676=CARTESIAN_POINT('',(-0.0361,0.021,-0.0032));
#4677=CARTESIAN_POINT('',(-0.0241,0.021,-0.0032));
#4678=CARTESIAN_POINT('',(-0.0241,0.015,-0.0032));
#4679=CARTESIAN_POINT('',(-0.0241,0.009,-0.0032));
#4680=CARTESIAN_POINT('',(-0.0301,0.009,-0.0032));
#4681=CARTESIAN_POINT('',(-0.0361,0.009,-0.0032));
#4682=CARTESIAN_POINT('',(-0.0361,0.015,-0.0032));
#4683=CARTESIAN_POINT('',(0.0207,0.041117530003629,0.025));
#4684=CARTESIAN_POINT('',(-0.05,0.004,0.025));
#4685=CARTESIAN_POINT('',(-0.05085,0.004,0.025));
#4686=CARTESIAN_POINT('',(-0.059702,0.0396262445331611,0.025));
#4687=CARTESIAN_POINT('',(-0.0597,0.0396262445331611,0.025));
#4688=CARTESIAN_POINT('',(-0.0597,0.041117530003629,0.025));
#4689=CARTESIAN_POINT('',(-0.0597,-0.000140523017829797,0.025));
#4690=CARTESIAN_POINT('',(-0.059702,-0.000140523017829797,0.025));
#4691=CARTESIAN_POINT('',(-0.042502,-0.000140523017829797,0.025));
#4692=CARTESIAN_POINT('',(-0.059702,0.00221654741265621,0.025));
#4693=CARTESIAN_POINT('',(-0.0482480591138121,0.00221654741265621,0.025));
#4694=CARTESIAN_POINT('',(-0.05,0.004,0.025));
#4695=CARTESIAN_POINT('',(-0.0517519408861879,0.00221654741265621,0.025));
#4696=CARTESIAN_POINT('',(-0.059702,0.00221654741265621,0.025));
#4697=CARTESIAN_POINT('',(-0.05635,0.03555,0.025));
#4698=CARTESIAN_POINT('',(-0.055,0.03555,0.025));
#4699=CARTESIAN_POINT('',(-0.055,0.038,0.025));
#4700=CARTESIAN_POINT('',(-0.055,0.038,0.025));
#4701=CARTESIAN_POINT('',(-0.05415,0.038,0.025));
#4702=CARTESIAN_POINT('',(0.0207,0.041117530003629,0.025));
#4703=CARTESIAN_POINT('',(0.05,0.004,0.025));
#4704=CARTESIAN_POINT('',(0.05085,0.004,0.025));
#4705=CARTESIAN_POINT('',(0.0597,0.041117530003629,0.025));
#4706=CARTESIAN_POINT('',(0.0597,0.0396262445331611,0.025));
#4707=CARTESIAN_POINT('',(0.0597,-0.000140523017829797,0.025));
#4708=CARTESIAN_POINT('',(0.0207,0.0396262445331611,0.025));
#4709=CARTESIAN_POINT('',(0.055,0.038,0.025));
#4710=CARTESIAN_POINT('',(0.055,0.03555,0.025));
#4711=CARTESIAN_POINT('',(0.05635,0.03555,0.025));
#4712=CARTESIAN_POINT('',(0.059702,0.00221654741265621,0.025));
#4713=CARTESIAN_POINT('',(0.0517519408861879,0.00221654741265621,0.025));
#4714=CARTESIAN_POINT('',(0.05,0.004,0.025));
#4715=CARTESIAN_POINT('',(0.0482480591138121,0.00221654741265621,0.025));
#4716=CARTESIAN_POINT('',(0.059702,0.00221654741265621,0.025));
#4717=CARTESIAN_POINT('',(0.042502,-0.000140523017829797,0.025));
#4718=CARTESIAN_POINT('',(0.059702,-0.000140523017829797,0.025));
#4719=CARTESIAN_POINT('',(0.055,0.038,0.025));
#4720=CARTESIAN_POINT('',(0.05585,0.038,0.025));
#4721=CARTESIAN_POINT('',(0.0167,0.0281405481406883,0.025002));
#4722=CARTESIAN_POINT('',(0.0167,0.022392319037919,0.021));
#4723=CARTESIAN_POINT('',(0.0167,0.022392319037919,0.021));
#4724=CARTESIAN_POINT('',(0.0167,0.0281405481406883,0.021));
#4725=CARTESIAN_POINT('',(0.0167,0.0245178174619504,0.021));
#4726=CARTESIAN_POINT('',(0.0167,0.0281405481406883,0.021));
#4727=CARTESIAN_POINT('',(0.0167,0.0254821825380496,0.021));
#4728=CARTESIAN_POINT('',(0.0167,0.0281405481406883,0.021));
#4729=CARTESIAN_POINT('',(0.0167,0.0270254022798534,0.021));
#4730=CARTESIAN_POINT('',(0.0167,0.0255636279316975,0.0234879549684032));
#4731=CARTESIAN_POINT('',(0.0167,0.017283779625089,0.025002));
#4732=CARTESIAN_POINT('',(0.0167,0.017283779625089,0.0146925373134328));
#4733=CARTESIAN_POINT('',(0.0167,0.0147837796250891,0.0146925373134328));
#4734=CARTESIAN_POINT('',(0.0167,-0.00521622037491094,0.0212));
#4735=CARTESIAN_POINT('',(0.0167,0.017283779625089,0.0212));
#4736=CARTESIAN_POINT('',(0.0167,0.017283779625089,0.025002));
#4737=CARTESIAN_POINT('',(-0.0905819669577467,0.0291405481406883,0.0174));
#4738=CARTESIAN_POINT('',(0.016,0.025,0.0244472555025565));
#4739=CARTESIAN_POINT('',(0.0177854258889028,0.0270254022798534,0.021));
#4740=CARTESIAN_POINT('',(-0.0905819669577467,0.0270254022798534,0.021));
#4741=CARTESIAN_POINT('',(0.0207,0.0568058560691174,0.00049565814976365));
#4742=CARTESIAN_POINT('',(0.0207,0.0568058560691174,-0.0032));
#4743=CARTESIAN_POINT('',(0.0207,0.0458058560691174,-0.0032));
#4744=CARTESIAN_POINT('',(0.0207,0.0342058560691174,0.0098));
#4745=CARTESIAN_POINT('',(0.0316,0.0342058560691174,0.0098));
#4746=CARTESIAN_POINT('',(0.059702,0.00623538290724797,-0.000990761036362569));
#4747=CARTESIAN_POINT('',(0.0597,0.00623538290724797,-0.0032));
#4748=CARTESIAN_POINT('',(0.059702,0.00623538290724797,0.00121847792727486));
#4749=CARTESIAN_POINT('',(0.059702,-0.0263247597877408,0.00794647699113478));
#4750=CARTESIAN_POINT('',(0.0482480591138121,0.00221654741265621,0.025));
#4751=CARTESIAN_POINT('',(0.0478892282159877,0.00256903815201606,0.0244100605210938));
#4752=CARTESIAN_POINT('',(0.0475254099375252,0.00330207657522216,0.0230942321104864));
#4753=CARTESIAN_POINT('',(0.0474821315410508,0.00395185530660832,0.0217067828513674));
#4754=CARTESIAN_POINT('',(0.0475128930408215,0.0042535724228026,0.021));
#4755=CARTESIAN_POINT('',(0.0475128930408215,0.00425357242280261,0.021));
#4756=CARTESIAN_POINT('',(0.059702,0.00425357242280261,0.021));
#4757=CARTESIAN_POINT('',(0.0524871069591785,0.00425357242280261,0.021));
#4758=CARTESIAN_POINT('',(0.0524871069591785,0.00425357242280261,0.021));
#4759=CARTESIAN_POINT('',(0.0525178659354969,0.00395188005731093,0.0217067248719847));
#4760=CARTESIAN_POINT('',(0.0524760042219463,0.00330671591575167,0.0230851644456984));
#4761=CARTESIAN_POINT('',(0.0521107177903256,0.00256898511234008,0.0244101492899473));
#4762=CARTESIAN_POINT('',(0.0517519408861879,0.00221654741265621,0.025));
#4763=CARTESIAN_POINT('',(0.059702,-0.0263247597877408,0.00794647699113479));
#4764=CARTESIAN_POINT('',(0.059702,0.00286758429290401,-0.0032));
#4765=CARTESIAN_POINT('',(0.0597,0.00286758429290401,-0.0032));
#4766=CARTESIAN_POINT('',(0.0597,-0.0263247597877408,0.00794647699113479));
#4767=CARTESIAN_POINT('',(0.0207,0.0199206194881827,-0.0032));
#4768=CARTESIAN_POINT('',(0.0597,-0.0038,-0.0032));
#4769=CARTESIAN_POINT('',(0.0597,-0.0038,-0.0032));
#4770=CARTESIAN_POINT('',(0.0597,0.0199206194881827,-0.0032));
#4771=CARTESIAN_POINT('',(0.0597,-8.67361737988404E-19,-2.16840434497101E-19));
#4772=CARTESIAN_POINT('',(0.042502,-0.003759034488735,0.000556470765180669));
#4773=CARTESIAN_POINT('',(0.0597,-0.0038,-2.16840434497101E-19));
#4774=CARTESIAN_POINT('',(0.0597,-0.0038,-0.0025));
#4775=CARTESIAN_POINT('',(0.0597,-0.0038,-0.0025));
#4776=CARTESIAN_POINT('',(0.0597,-0.0038,-0.005));
#4777=CARTESIAN_POINT('',(0.0597,-0.0038,-0.0032));
#4778=CARTESIAN_POINT('',(0.0207,-0.0038,-0.0032));
#4779=CARTESIAN_POINT('',(0.0207,-0.0038,-0.0025));
#4780=CARTESIAN_POINT('',(0.0207,-0.0038,-0.005));
#4781=CARTESIAN_POINT('',(0.0597,-0.0038,-0.005));
#4782=CARTESIAN_POINT('',(0.0207,0.0145905481406883,0.01));
#4783=CARTESIAN_POINT('',(0.0207,0.0199206194881827,-0.0032));
#4784=CARTESIAN_POINT('',(0.0207,0.0192837796250891,-0.0032));
#4785=CARTESIAN_POINT('',(0.0207,0.0192837796250891,0.0089));
#4786=CARTESIAN_POINT('',(0.0207,-0.0348247597877408,-0.0041));
#4787=CARTESIAN_POINT('',(0.0207,-0.0348247597877408,-0.005));
#4788=CARTESIAN_POINT('',(0.0207,-0.0193123798938704,-0.005));
#4789=CARTESIAN_POINT('',(0.0207,0.0336058560691174,0.0033));
#4790=CARTESIAN_POINT('',(-0.0187,0.0336058560691174,0.0033));
#4791=CARTESIAN_POINT('',(-0.0271,0.0336058560691174,0.0098));
#4792=CARTESIAN_POINT('',(-0.0271,0.0336058560691174,0.00605000000000008));
#4793=CARTESIAN_POINT('',(-0.02935,0.0336058560691174,0.00605000000000008));
#4794=CARTESIAN_POINT('',(-0.0316,0.0336058560691174,0.00605000000000008));
#4795=CARTESIAN_POINT('',(-0.0316,0.0336058560691174,0.0098));
#4796=CARTESIAN_POINT('',(0.0207,-0.0205300713474944,-0.0032));
#4797=CARTESIAN_POINT('',(0.018698,0.0192837796250891,-0.0032));
#4798=CARTESIAN_POINT('',(0.0301,0.021,-0.0032));
#4799=CARTESIAN_POINT('',(0.0361,0.021,-0.0032));
#4800=CARTESIAN_POINT('',(0.0241,0.021,-0.0032));
#4801=CARTESIAN_POINT('',(0.0361,0.015,-0.0032));
#4802=CARTESIAN_POINT('',(0.0361,0.009,-0.0032));
#4803=CARTESIAN_POINT('',(0.0301,0.009,-0.0032));
#4804=CARTESIAN_POINT('',(0.0241,0.009,-0.0032));
#4805=CARTESIAN_POINT('',(0.0241,0.015,-0.0032));
#4806=CARTESIAN_POINT('',(0.0207,-0.0348247597877408,-0.0041));
#4807=CARTESIAN_POINT('',(-0.0207,-0.0348247597877408,-0.0041));
#4808=CARTESIAN_POINT('',(-0.0207,-0.0348247597877408,-0.005));
#4809=CARTESIAN_POINT('',(0.0207,-0.0348247597877408,-0.005));
#4810=CARTESIAN_POINT('',(0.0207,-0.0193123798938704,-0.005));
#4811=CARTESIAN_POINT('',(-0.0207,-0.0193123798938704,-0.005));
#4812=CARTESIAN_POINT('',(-0.0207,-0.0038,-0.005));
#4813=CARTESIAN_POINT('',(-0.0597,-0.0038,-0.005));
#4814=CARTESIAN_POINT('',(-0.0597,-0.0038,-0.005));
#4815=CARTESIAN_POINT('',(-0.0597,-0.0193123798938704,-0.005));
#4816=CARTESIAN_POINT('',(-0.0383750125607615,0.0640078560691174,-0.005));
#4817=CARTESIAN_POINT('',(-0.0383750125607615,0.0640058560691174,-0.005));
#4818=CARTESIAN_POINT('',(0.0207,0.0640058560691174,-0.005));
#4819=CARTESIAN_POINT('',(-0.0216249874392384,0.0640058560691174,-0.005));
#4820=CARTESIAN_POINT('',(-0.0216249874392384,0.0640078560691174,-0.005));
#4821=CARTESIAN_POINT('',(-0.0108750125607615,0.0640078560691174,-0.005));
#4822=CARTESIAN_POINT('',(-0.0108750125607615,0.0640058560691174,-0.005));
#4823=CARTESIAN_POINT('',(0.0207,0.0640058560691174,-0.005));
#4824=CARTESIAN_POINT('',(0.0108750125607615,0.0640058560691174,-0.005));
#4825=CARTESIAN_POINT('',(0.0108750125607615,0.0640078560691174,-0.005));
#4826=CARTESIAN_POINT('',(0.0216249874392384,0.0640078560691174,-0.005));
#4827=CARTESIAN_POINT('',(0.0216249874392384,0.0640058560691174,-0.005));
#4828=CARTESIAN_POINT('',(0.0207,0.0640058560691174,-0.005));
#4829=CARTESIAN_POINT('',(0.0383750125607615,0.0640058560691174,-0.005));
#4830=CARTESIAN_POINT('',(0.0383750125607615,0.0640078560691174,-0.005));
#4831=CARTESIAN_POINT('',(0.0597,-0.0193123798938704,-0.005));
#4832=CARTESIAN_POINT('',(0.0207,0.0610058560691174,-0.000499999999999986));
#4833=CARTESIAN_POINT('',(-0.035,0.0640078560691174,-0.000499999999999989));
#4834=CARTESIAN_POINT('',(-0.0597,0.0610058560691174,-0.000499999999999986));
#4835=CARTESIAN_POINT('',(0.,-0.0328247597877408,0.025002));
#4836=CARTESIAN_POINT('',(0.0597,0.0135905481406883,0.00822323849556739));
#4837=CARTESIAN_POINT('',(0.0597,0.0396262445331611,0.0267772448170136));
#4838=CARTESIAN_POINT('',(0.042502,-0.00194977875328239,0.0127782353825903));
#4839=CARTESIAN_POINT('',(0.039498,-0.00370192612602097,0.000942245397865215));
#4840=CARTESIAN_POINT('',(0.0159,0.0115905481406883,0.021));
#4841=CARTESIAN_POINT('',(0.05,0.004,0.021));
#4842=CARTESIAN_POINT('',(0.05,0.004,0.021));
#4843=CARTESIAN_POINT('',(0.05,0.004,0.022));
#4844=CARTESIAN_POINT('',(0.05,0.004,0.022));
#4845=CARTESIAN_POINT('',(0.05085,0.004,0.022));
#4846=CARTESIAN_POINT('',(0.0159,-0.0035623798938704,0.022));
#4847=CARTESIAN_POINT('',(-0.059702,0.00623538290724797,-0.000990761036362569));
#4848=CARTESIAN_POINT('',(-0.059702,0.00623538290724797,0.00121847792727486));
#4849=CARTESIAN_POINT('',(-0.059702,-0.0263247597877408,0.00794647699113478));
#4850=CARTESIAN_POINT('',(-0.0524871069591785,0.00425357242280261,0.021));
#4851=CARTESIAN_POINT('',(-0.0525178659354969,0.00395188005731093,0.0217067248719847));
#4852=CARTESIAN_POINT('',(-0.0524760042219463,0.00330671591575167,0.0230851644456984));
#4853=CARTESIAN_POINT('',(-0.0521107177903256,0.00256898511234008,0.0244101492899473));
#4854=CARTESIAN_POINT('',(-0.0517519408861879,0.00221654741265621,0.025));
#4855=CARTESIAN_POINT('',(-0.0524871069591785,0.00425357242280261,0.021));
#4856=CARTESIAN_POINT('',(-0.059702,0.00425357242280261,0.021));
#4857=CARTESIAN_POINT('',(-0.0475128930408215,0.00425357242280261,0.021));
#4858=CARTESIAN_POINT('',(-0.0482480591138121,0.00221654741265621,0.025));
#4859=CARTESIAN_POINT('',(-0.0478892282159877,0.00256903815201606,0.0244100605210938));
#4860=CARTESIAN_POINT('',(-0.0475254099375252,0.00330207657522216,0.0230942321104864));
#4861=CARTESIAN_POINT('',(-0.0474821315410508,0.00395185530660832,0.0217067828513674));
#4862=CARTESIAN_POINT('',(-0.0475128930408215,0.0042535724228026,0.021));
#4863=CARTESIAN_POINT('',(-0.059702,-0.0263247597877408,0.00794647699113479));
#4864=CARTESIAN_POINT('',(-0.0597,-0.0263247597877408,0.00794647699113479));
#4865=CARTESIAN_POINT('',(-0.0597,0.00286758429290401,-0.0032));
#4866=CARTESIAN_POINT('',(-0.059702,0.00286758429290401,-0.0032));
#4867=CARTESIAN_POINT('',(-0.0207,0.0199206194881827,-0.0032));
#4868=CARTESIAN_POINT('',(-0.0597,0.0199206194881827,-0.0032));
#4869=CARTESIAN_POINT('',(-0.0597,-0.0038,-0.0032));
#4870=CARTESIAN_POINT('',(-0.0597,-0.0038,-0.0032));
#4871=CARTESIAN_POINT('',(-0.0597,-8.67361737988404E-19,-2.16840434497101E-19));
#4872=CARTESIAN_POINT('',(-0.0597,-0.0038,-2.16840434497101E-19));
#4873=CARTESIAN_POINT('',(-0.042502,-0.003759034488735,0.000556470765180669));
#4874=CARTESIAN_POINT('',(-0.0597,-0.0038,-0.0025));
#4875=CARTESIAN_POINT('',(-0.0597,-0.0038,-0.0025));
#4876=CARTESIAN_POINT('',(-0.0207,-0.0038,-0.0025));
#4877=CARTESIAN_POINT('',(-0.0207,0.0145905481406883,0.01));
#4878=CARTESIAN_POINT('',(-0.0207,0.0192837796250891,-0.003202));
#4879=CARTESIAN_POINT('',(-0.0597,0.0135905481406883,0.00822323849556739));
#4880=CARTESIAN_POINT('',(-0.0597,0.0396262445331611,0.0267772448170136));
#4881=CARTESIAN_POINT('',(-0.042502,-0.00194977875328239,0.0127782353825903));
#4882=CARTESIAN_POINT('',(-0.039498,-0.00370192612602097,0.000942245397865192));
#4883=CARTESIAN_POINT('',(-0.0159,0.0115905481406883,0.021));
#4884=CARTESIAN_POINT('',(-0.05,0.004,0.021));
#4885=CARTESIAN_POINT('',(-0.05,0.004,0.021));
#4886=CARTESIAN_POINT('',(-0.05,0.004,0.022));
#4887=CARTESIAN_POINT('',(-0.05,0.004,0.022));
#4888=CARTESIAN_POINT('',(-0.05085,0.004,0.022));
#4889=CARTESIAN_POINT('',(-0.0159,-0.0035623798938704,0.022));
#4890=CARTESIAN_POINT('',(-0.01685,-0.00671622037491094,0.0182));
#4891=CARTESIAN_POINT('',(-0.0161,-0.00671622037491094,0.0177));
#4892=CARTESIAN_POINT('',(-0.015,-0.00671622037491094,0.0183346153846154));
#4893=CARTESIAN_POINT('',(-0.015,-0.00671622037491094,0.0182));
#4894=CARTESIAN_POINT('',(-0.015,-0.00671622037491094,0.0212));
#4895=CARTESIAN_POINT('',(-0.01685,-0.00671622037491094,0.0212));
#4896=CARTESIAN_POINT('',(-0.015,-0.00521622037491094,0.0182));
#4897=CARTESIAN_POINT('',(-0.015,-0.00521622037491094,0.0183346153846154));
#4898=CARTESIAN_POINT('',(-0.015,-0.00521622037491094,0.0212));
#4899=CARTESIAN_POINT('',(3.46944695195361E-18,-0.00521622037491094,0.0212));
#4900=CARTESIAN_POINT('',(0.01535,-0.0297162203749109,0.0182));
#4901=CARTESIAN_POINT('',(0.0159156325600459,-0.0297162203749109,0.021));
#4902=CARTESIAN_POINT('',(0.0159156325600459,-0.0297162203749109,0.0212));
#4903=CARTESIAN_POINT('',(0.0159156325600459,-0.0297162203749109,0.021));
#4904=CARTESIAN_POINT('',(0.01535,-0.0297162203749109,0.0212));
#4905=CARTESIAN_POINT('',(0.012,-0.0297162203749109,0.0212));
#4906=CARTESIAN_POINT('',(0.012,-0.0297162203749109,0.0182));
#4907=CARTESIAN_POINT('',(0.012,-0.0297162203749109,0.0182));
#4908=CARTESIAN_POINT('',(0.01535,-0.0297162203749109,0.0182));
#4909=CARTESIAN_POINT('',(0.01535,-0.0297162203749109,0.021));
#4910=CARTESIAN_POINT('',(0.01535,-0.0237162203749109,0.0182));
#4911=CARTESIAN_POINT('',(0.01535,-0.0237162203749109,0.0212));
#4912=CARTESIAN_POINT('',(0.012,-0.0237162203749109,0.0212));
#4913=CARTESIAN_POINT('',(0.01535,-0.0237162203749109,0.0182));
#4914=CARTESIAN_POINT('',(0.012,-0.0237162203749109,0.0182));
#4915=CARTESIAN_POINT('',(0.012,-0.0237162203749109,0.0182));
#4916=CARTESIAN_POINT('',(0.012,-0.0267162203749109,0.0182));
#4917=CARTESIAN_POINT('',(0.012,-0.0267162203749109,0.0212));
#4918=CARTESIAN_POINT('',(0.012,-0.0267162203749109,0.0182));
#4919=CARTESIAN_POINT('',(0.012,-0.0267162203749109,0.0182));
#4920=CARTESIAN_POINT('',(0.012,-0.0267162203749109,0.0182));
#4921=CARTESIAN_POINT('',(0.012,-0.0253162203749109,0.0182));
#4922=CARTESIAN_POINT('',(0.012,-0.028116220374911,0.0182));
#4923=CARTESIAN_POINT('',(0.012,-0.0267162203749109,0.0182));
#4924=CARTESIAN_POINT('',(0.012,-0.0267162203749109,0.0212));
#4925=CARTESIAN_POINT('',(0.0134,-0.0267162203749109,0.0212));
#4926=CARTESIAN_POINT('',(3.46944695195361E-18,-0.00521622037491094,0.0182));
#4927=CARTESIAN_POINT('',(0.01535,-0.025216220374911,0.0182));
#4928=CARTESIAN_POINT('',(0.012,-0.025216220374911,0.0182));
#4929=CARTESIAN_POINT('',(0.012,-0.025216220374911,0.0182));
#4930=CARTESIAN_POINT('',(0.012,-0.025216220374911,0.0182));
#4931=CARTESIAN_POINT('',(0.012,-0.0282162203749109,0.0182));
#4932=CARTESIAN_POINT('',(0.01535,-0.0282162203749109,0.0182));
#4933=CARTESIAN_POINT('',(3.46944695195361E-18,-0.00521622037491094,0.0212));
#4934=CARTESIAN_POINT('',(0.018,-0.028,0.0212));
#4935=CARTESIAN_POINT('',(0.01535,0.0192837796250891,0.0182));
#4936=CARTESIAN_POINT('',(0.012,0.0162837796250891,0.0182));
#4937=CARTESIAN_POINT('',(0.012,0.0162837796250891,0.0212));
#4938=CARTESIAN_POINT('',(0.012,0.0132837796250891,0.0212));
#4939=CARTESIAN_POINT('',(0.012,0.0132837796250891,0.0182));
#4940=CARTESIAN_POINT('',(0.01535,0.0132837796250891,0.0182));
#4941=CARTESIAN_POINT('',(0.01535,0.0132837796250891,0.0212));
#4942=CARTESIAN_POINT('',(0.012,0.0162837796250891,0.0182));
#4943=CARTESIAN_POINT('',(0.012,0.0162837796250891,0.0182));
#4944=CARTESIAN_POINT('',(0.012,0.0162837796250891,0.0212));
#4945=CARTESIAN_POINT('',(0.0134,0.0162837796250891,0.0212));
#4946=CARTESIAN_POINT('',(3.46944695195361E-18,-0.00521622037491094,0.0212));
#4947=CARTESIAN_POINT('',(3.46944695195361E-18,0.017283779625089,0.0212));
#4948=CARTESIAN_POINT('',(0.01535,0.0147837796250891,0.0157));
#4949=CARTESIAN_POINT('',(0.01535,0.017283779625089,0.0157));
#4950=CARTESIAN_POINT('',(0.01535,0.0147837796250891,0.0157));
#4951=CARTESIAN_POINT('',(0.01535,0.0147837796250891,0.0157));
#4952=CARTESIAN_POINT('',(0.01535,-0.025216220374911,0.0157));
#4953=CARTESIAN_POINT('',(0.01535,-0.025216220374911,0.0157));
#4954=CARTESIAN_POINT('',(0.01535,-0.0282162203749109,0.0157));
#4955=CARTESIAN_POINT('',(0.01535,-0.025216220374911,0.0157));
#4956=CARTESIAN_POINT('',(0.01535,-0.0282162203749109,0.0157));
#4957=CARTESIAN_POINT('',(-0.059702,0.0396262445331611,0.0267772448170136));
#4958=CARTESIAN_POINT('',(-0.0241,0.015,-0.0042));
#4959=CARTESIAN_POINT('',(-0.0241,0.021,-0.0042));
#4960=CARTESIAN_POINT('',(-0.0241,0.021,-0.0042));
#4961=CARTESIAN_POINT('',(-0.0241,0.015,-0.0042));
#4962=CARTESIAN_POINT('',(-0.0241,0.009,-0.0042));
#4963=CARTESIAN_POINT('',(-0.0241,0.009,-0.0042));
#4964=CARTESIAN_POINT('',(-0.0301,0.021,-0.0042));
#4965=CARTESIAN_POINT('',(-0.0361,0.021,-0.0042));
#4966=CARTESIAN_POINT('',(-0.0361,0.021,-0.0042));
#4967=CARTESIAN_POINT('',(-0.0301,0.021,-0.0042));
#4968=CARTESIAN_POINT('',(-0.0361,0.015,-0.0042));
#4969=CARTESIAN_POINT('',(-0.0361,0.009,-0.0042));
#4970=CARTESIAN_POINT('',(-0.0361,0.009,-0.0042));
#4971=CARTESIAN_POINT('',(-0.0361,0.015,-0.0042));
#4972=CARTESIAN_POINT('',(-0.0301,0.009,-0.0042));
#4973=CARTESIAN_POINT('',(-0.0301,0.009,-0.0042));
#4974=CARTESIAN_POINT('',(0.0017,0.0003905481406883,-0.0042));
#4975=CARTESIAN_POINT('',(0.0361,0.015,-0.0042));
#4976=CARTESIAN_POINT('',(0.0361,0.021,-0.0042));
#4977=CARTESIAN_POINT('',(0.0361,0.021,-0.0042));
#4978=CARTESIAN_POINT('',(0.0361,0.015,-0.0042));
#4979=CARTESIAN_POINT('',(0.0361,0.009,-0.0042));
#4980=CARTESIAN_POINT('',(0.0361,0.009,-0.0042));
#4981=CARTESIAN_POINT('',(0.0301,0.021,-0.0042));
#4982=CARTESIAN_POINT('',(0.0241,0.021,-0.0042));
#4983=CARTESIAN_POINT('',(0.0241,0.021,-0.0042));
#4984=CARTESIAN_POINT('',(0.0301,0.021,-0.0042));
#4985=CARTESIAN_POINT('',(0.0241,0.015,-0.0042));
#4986=CARTESIAN_POINT('',(0.0241,0.009,-0.0042));
#4987=CARTESIAN_POINT('',(0.0241,0.009,-0.0042));
#4988=CARTESIAN_POINT('',(0.0241,0.015,-0.0042));
#4989=CARTESIAN_POINT('',(0.0301,0.009,-0.0042));
#4990=CARTESIAN_POINT('',(0.0301,0.009,-0.0042));
#4991=CARTESIAN_POINT('',(0.0017,0.0003905481406883,-0.0042));
#4992=CARTESIAN_POINT('',(-0.0161,-0.00371422037491095,0.0177));
#4993=CARTESIAN_POINT('',(-0.02935,0.0348078560691174,0.00605000000000008));
#4994=CARTESIAN_POINT('',(-0.0316,0.0348078560691174,0.00605000000000008));
#4995=CARTESIAN_POINT('',(-0.0271,0.0348078560691174,0.00605000000000008));
#4996=CARTESIAN_POINT('',(-0.0271,0.0348078560691174,0.0098));
#4997=CARTESIAN_POINT('',(-0.0316,0.0348078560691174,0.0098));
#4998=CARTESIAN_POINT('',(0.02935,0.0348078560691174,0.00605000000000008));
#4999=CARTESIAN_POINT('',(0.0271,0.0348078560691174,0.00605000000000008));
#5000=CARTESIAN_POINT('',(0.0316,0.0348078560691174,0.00605000000000008));
#5001=CARTESIAN_POINT('',(0.0271,0.0348078560691174,0.0098));
#5002=CARTESIAN_POINT('',(0.0316,0.0348078560691174,0.0098));
#5003=CARTESIAN_POINT('',(0.01535,0.017283779625089,0.0182));
#5004=CARTESIAN_POINT('',(0.01535,0.017283779625089,0.0182));
#5005=CARTESIAN_POINT('',(0.016,0.025,0.021));
#5006=CARTESIAN_POINT('',(0.016,0.025,0.021));
#5007=CARTESIAN_POINT('',(0.,-0.0035623798938704,0.021));
#5008=CARTESIAN_POINT('',(0.016,0.025,0.021));
#5009=CARTESIAN_POINT('',(0.,-0.0035623798938704,0.021));
#5010=CARTESIAN_POINT('',(0.016,0.025,0.021));
#5011=CARTESIAN_POINT('',(0.016,0.025,0.021));
#5012=CARTESIAN_POINT('',(-0.0157,0.0192837796250891,-0.003202));
#5013=CARTESIAN_POINT('',(-0.0187,0.0192837796250891,0.025002));
#5014=CARTESIAN_POINT('',(-0.0187,0.000390548140688295,0.0109));
#5015=CARTESIAN_POINT('',(-0.0187,0.0303156291744854,0.0154));
#5016=CARTESIAN_POINT('',(-0.0167,0.0303156291744854,0.0154));
#5017=CARTESIAN_POINT('',(-0.016,0.025,0.0244472555025565));
#5018=CARTESIAN_POINT('',(-0.0177854258889028,0.0270254022798534,0.021));
#5019=CARTESIAN_POINT('',(-0.0167,0.0270254022798534,0.021));
#5020=CARTESIAN_POINT('',(-0.0167,0.0270254022798534,0.021));
#5021=CARTESIAN_POINT('',(-0.0167,0.0303156291744854,0.0154));
#5022=CARTESIAN_POINT('',(-0.0167,0.017283779625089,0.00574626865671642));
#5023=CARTESIAN_POINT('',(-0.0167,0.017283779625089,0.00574626865671642));
#5024=CARTESIAN_POINT('',(-0.0167,0.000390548140688295,0.0109));
#5025=CARTESIAN_POINT('',(-0.0167,0.022392319037919,0.021));
#5026=CARTESIAN_POINT('',(-0.0167,0.022392319037919,0.021));
#5027=CARTESIAN_POINT('',(-0.0167,0.000390548140688295,0.021));
#5028=CARTESIAN_POINT('',(-0.0167,0.0254821825380496,0.021));
#5029=CARTESIAN_POINT('',(-0.0167,0.000390548140688295,0.021));
#5030=CARTESIAN_POINT('',(-0.0167,0.0245178174619504,0.021));
#5031=CARTESIAN_POINT('',(-0.0167,0.000390548140688295,0.021));
#5032=CARTESIAN_POINT('',(-0.016,0.025,0.021));
#5033=CARTESIAN_POINT('',(-0.016,0.025,0.021));
#5034=CARTESIAN_POINT('',(0.,-0.000212375584454589,0.021));
#5035=CARTESIAN_POINT('',(-0.016,0.025,0.021));
#5036=CARTESIAN_POINT('',(-0.016,0.025,0.021));
#5037=CARTESIAN_POINT('',(-0.016,0.025,0.021));
#5038=CARTESIAN_POINT('',(0.,-0.0035623798938704,0.021));
#5039=CARTESIAN_POINT('',(0.,-0.0035623798938704,0.021));
#5040=CARTESIAN_POINT('',(0.018,-0.028,0.021));
#5041=CARTESIAN_POINT('',(0.018,-0.028,0.021));
#5042=CARTESIAN_POINT('',(-0.018,-0.028,0.021));
#5043=CARTESIAN_POINT('',(-0.018,-0.028,0.021));
#5044=CARTESIAN_POINT('',(0.,-0.0035623798938704,0.021));
#5045=CARTESIAN_POINT('',(-0.018,-0.028,0.021));
#5046=CARTESIAN_POINT('',(0.,-0.0035623798938704,0.021));
#5047=CARTESIAN_POINT('',(-0.018,-0.028,0.021));
#5048=CARTESIAN_POINT('',(-0.018,-0.028,0.021));
#5049=CARTESIAN_POINT('',(0.018,-0.028,0.021));
#5050=CARTESIAN_POINT('',(0.018,-0.028,0.021));
#5051=CARTESIAN_POINT('',(0.01885,-0.028,0.021));
#5052=CARTESIAN_POINT('',(0.,-0.0035623798938704,0.021));
#5053=CARTESIAN_POINT('',(-0.00918750628038077,0.0640078560691174,-0.00275));
#5054=CARTESIAN_POINT('',(-0.00918750628038077,0.0640058560691174,-0.00275));
#5055=CARTESIAN_POINT('',(0.00918750628038077,0.0640078560691174,-0.00275));
#5056=CARTESIAN_POINT('',(0.00918750628038077,0.0640058560691174,-0.00275));
#5057=CARTESIAN_POINT('',(-0.0597,0.0640058560691174,-0.000499999999999986));
#5058=CARTESIAN_POINT('',(-0.0366875062803808,0.0640078560691174,-0.00275));
#5059=CARTESIAN_POINT('',(-0.0366875062803808,0.0640058560691174,-0.00275));
#5060=CARTESIAN_POINT('',(-0.0233124937196192,0.0640078560691174,-0.00275));
#5061=CARTESIAN_POINT('',(-0.0233124937196192,0.0640058560691174,-0.00275));
#5062=CARTESIAN_POINT('',(-0.0597,0.0640058560691174,-0.000499999999999986));
#5063=CARTESIAN_POINT('',(0.0233124937196192,0.0640078560691174,-0.00275));
#5064=CARTESIAN_POINT('',(0.0233124937196192,0.0640058560691174,-0.00275));
#5065=CARTESIAN_POINT('',(0.0366875062803808,0.0640078560691174,-0.00275));
#5066=CARTESIAN_POINT('',(0.0366875062803808,0.0640058560691174,-0.00275));
#5067=CARTESIAN_POINT('',(-0.0597,0.0640058560691174,-0.000499999999999986));
#5068=CARTESIAN_POINT('',(-0.05635,0.03555,0.023));
#5069=CARTESIAN_POINT('',(-0.05635,0.03555,0.023));
#5070=CARTESIAN_POINT('',(-0.055,0.03555,0.023));
#5071=CARTESIAN_POINT('',(-0.055,0.03555,0.023));
#5072=CARTESIAN_POINT('',(-0.055,0.038,0.023));
#5073=CARTESIAN_POINT('',(-0.055,0.038,0.023));
#5074=CARTESIAN_POINT('',(-0.055,0.04045,0.023));
#5075=CARTESIAN_POINT('',(-0.055,0.04045,0.023));
#5076=CARTESIAN_POINT('',(-0.05635,0.04045,0.023));
#5077=CARTESIAN_POINT('',(-0.05635,0.04045,0.023));
#5078=CARTESIAN_POINT('',(-0.055,0.038,0.023));
#5079=CARTESIAN_POINT('',(-0.055,0.038,0.023));
#5080=CARTESIAN_POINT('',(-0.05415,0.038,0.023));
#5081=CARTESIAN_POINT('',(0.001,0.0201547384910851,0.023));
#5082=CARTESIAN_POINT('',(0.055,0.038,0.023));
#5083=CARTESIAN_POINT('',(0.055,0.04045,0.023));
#5084=CARTESIAN_POINT('',(0.055,0.04045,0.023));
#5085=CARTESIAN_POINT('',(0.055,0.038,0.023));
#5086=CARTESIAN_POINT('',(0.055,0.03555,0.023));
#5087=CARTESIAN_POINT('',(0.055,0.03555,0.023));
#5088=CARTESIAN_POINT('',(0.05635,0.03555,0.023));
#5089=CARTESIAN_POINT('',(0.05635,0.03555,0.023));
#5090=CARTESIAN_POINT('',(0.055,0.038,0.023));
#5091=CARTESIAN_POINT('',(0.055,0.038,0.023));
#5092=CARTESIAN_POINT('',(0.05585,0.038,0.023));
#5093=CARTESIAN_POINT('',(0.05635,0.04045,0.023));
#5094=CARTESIAN_POINT('',(0.05635,0.04045,0.023));
#5095=CARTESIAN_POINT('',(0.001,0.0201547384910851,0.023));
#5096=CARTESIAN_POINT('',(0.039498,0.,0.0018));
#5097=CARTESIAN_POINT('',(0.039498,-0.00329464326184844,0.00369349565015521));
#5098=CARTESIAN_POINT('',(0.039498,-0.0294161354614671,0.0184472512599713));
#5099=CARTESIAN_POINT('',(-0.039498,-2.81892564846231E-18,0.0018));
#5100=CARTESIAN_POINT('',(-0.039498,-0.00329464326184844,0.00369349565015519));
#5101=CARTESIAN_POINT('',(-0.039498,-0.0294161354614671,0.0184472512599713));
#5102=CARTESIAN_POINT('',(-1.95156391047391E-18,0.057895685120455,0.00285810519120704));
#5103=CARTESIAN_POINT('',(-1.95156391047391E-18,0.0579021051847723,0.00286349226480786));
#5104=CARTESIAN_POINT('',(-1.95156391047391E-18,0.0573927630724542,0.00348042931768449));
#5105=CARTESIAN_POINT('',(0.0207,0.0482160503011392,0.0145956581497637));
#5106=CARTESIAN_POINT('',(-0.045,0.057895685120455,0.00285810519120703));
#5107=CARTESIAN_POINT('',(-0.045,0.0579021051847723,0.00286349226480785));
#5108=CARTESIAN_POINT('',(-0.045,0.0573927630724542,0.00348042931768449));
#5109=CARTESIAN_POINT('',(0.0207,0.0482160503011392,0.0145956581497637));
#5110=CARTESIAN_POINT('',(0.045,0.057895685120455,0.00285810519120703));
#5111=CARTESIAN_POINT('',(0.045,0.0579021051847723,0.00286349226480785));
#5112=CARTESIAN_POINT('',(0.045,0.0573927630724542,0.00348042931768449));
#5113=CARTESIAN_POINT('',(0.0207,0.0482160503011392,0.0145956581497637));
#5114=MECHANICAL_DESIGN_GEOMETRIC_PRESENTATION_REPRESENTATION('',(#3098),
#5115);
#5115=(
GEOMETRIC_REPRESENTATION_CONTEXT(3)
GLOBAL_UNCERTAINTY_ASSIGNED_CONTEXT((#5116))
GLOBAL_UNIT_ASSIGNED_CONTEXT((#5119,#5118,#5117))
REPRESENTATION_CONTEXT('chasis','TOP_LEVEL_ASSEMBLY_PART')
);
#5116=UNCERTAINTY_MEASURE_WITH_UNIT(LENGTH_MEASURE(2.02627516467215E-5),
#5119,'DISTANCE_ACCURACY_VALUE','Maximum Tolerance applied to model');
#5117=(
NAMED_UNIT(*)
SI_UNIT($,.STERADIAN.)
SOLID_ANGLE_UNIT()
);
#5118=(
NAMED_UNIT(*)
PLANE_ANGLE_UNIT()
SI_UNIT($,.RADIAN.)
);
#5119=(
LENGTH_UNIT()
NAMED_UNIT(*)
SI_UNIT($,.METRE.)
);
#5120=PRODUCT_DEFINITION_SHAPE('','',#5121);
#5121=PRODUCT_DEFINITION('','',#5123,#5122);
#5122=PRODUCT_DEFINITION_CONTEXT('',#5129,'design');
#5123=PRODUCT_DEFINITION_FORMATION_WITH_SPECIFIED_SOURCE('','',#5125,
 .NOT_KNOWN.);
#5124=PRODUCT_RELATED_PRODUCT_CATEGORY('','',(#5125));
#5125=PRODUCT('chasis','chasis','chasis',(#5127));
#5126=PRODUCT_CATEGORY('','');
#5127=PRODUCT_CONTEXT('',#5129,'mechanical');
#5128=APPLICATION_PROTOCOL_DEFINITION('international standard',
'ap242_managed_model_based_3d_engineering',2020,#5129);
#5129=APPLICATION_CONTEXT('managed model based 3d engineering');
ENDSEC;
END-ISO-10303-21;
